id,name,score,score2
1,Student_1,89,56
2,Student_2,92,81
3,Student_3,85,88
4,Student_4,62,71
5,Student_5,73,60
6,Student_6,96,87
7,Student_7,75,50
8,Student_8,71,67
9,Student_9,83,53
10,Student_10,76,58
11,Student_11,70,84
12,Student_12,54,65
13,Student_13,59,71
14,Student_14,62,75
15,Student_15,93,97
16,Student_16,74,53
17,Student_17,56,67
18,Student_18,72,94
19,Student_19,64,98
20,Student_20,57,58
21,Student_21,83,80
22,Student_22,84,59
23,Student_23,99,51
24,Student_24,84,82
25,Student_25,63,64
26,Student_26,58,83
27,Student_27,84,62
28,Student_28,86,60
29,Student_29,92,73
30,Student_30,76,81
31,Student_31,59,68
32,Student_32,91,52
33,Student_33,78,66
34,Student_34,59,85
35,Student_35,86,79
36,Student_36,86,73
37,Student_37,88,87
38,Student_38,62,98
39,Student_39,80,82
40,Student_40,71,60
41,Student_41,96,66
42,Student_42,67,58
43,Student_43,74,83
44,Student_44,83,57
45,Student_45,62,89
46,Student_46,67,99
47,Student_47,94,59
48,Student_48,78,65
49,Student_49,50,89
50,Student_50,50,74
51,Student_51,81,73
52,Student_52,82,89
53,Student_53,96,97
54,Student_54,74,71
55,Student_55,88,86
56,Student_56,77,100
57,Student_57,100,93
58,Student_58,70,56
59,Student_59,78,63
60,Student_60,77,88
61,Student_61,74,96
62,Student_62,98,89
63,Student_63,52,87
64,Student_64,87,83
65,Student_65,51,71
66,Student_66,70,89
67,Student_67,88,81
68,Student_68,66,69
69,Student_69,69,90
70,Student_70,81,63
71,Student_71,91,79
72,Student_72,95,60
73,Student_73,77,89
74,Student_74,66,74
75,Student_75,94,79
76,Student_76,86,70
77,Student_77,53,56
78,Student_78,58,72
79,Student_79,98,76
80,Student_80,95,59
81,Student_81,87,63
82,Student_82,96,79
83,Student_83,71,65
84,Student_84,98,62
85,Student_85,76,75
86,Student_86,75,93
87,Student_87,61,90
88,Student_88,61,82
89,Student_89,76,66
90,Student_90,92,87
91,Student_91,79,96
92,Student_92,78,74
93,Student_93,69,73
94,Student_94,91,68
95,Student_95,73,89
96,Student_96,93,87
97,Student_97,64,90
98,Student_98,98,64
99,Student_99,59,94
100,Student_100,77,55
101,Student_101,75,63
102,Student_102,58,92
103,Student_103,50,83
104,Student_104,78,52
105,Student_105,92,94
106,Student_106,97,56
107,Student_107,88,81
108,Student_108,55,63
109,Student_109,81,71
110,Student_110,98,81
111,Student_111,87,58
112,Student_112,59,87
113,Student_113,92,83
114,Student_114,67,67
115,Student_115,74,67
116,Student_116,90,55
117,Student_117,94,67
118,Student_118,74,75
119,Student_119,50,95
120,Student_120,72,83
121,Student_121,85,64
122,Student_122,70,99
123,Student_123,51,57
124,Student_124,93,84
125,Student_125,96,54
126,Student_126,82,85
127,Student_127,68,76
128,Student_128,81,85
129,Student_129,84,91
130,Student_130,64,70
131,Student_131,70,91
132,Student_132,73,76
133,Student_133,96,87
134,Student_134,58,77
135,Student_135,69,77
136,Student_136,96,95
137,Student_137,86,84
138,Student_138,54,72
139,Student_139,82,63
140,Student_140,53,53
141,Student_141,63,50
142,Student_142,57,53
143,Student_143,61,66
144,Student_144,93,90
145,Student_145,68,75
146,Student_146,76,59
147,Student_147,91,90
148,Student_148,59,100
149,Student_149,58,58
150,Student_150,95,83
151,Student_151,82,67
152,Student_152,82,55
153,Student_153,50,79
154,Student_154,59,98
155,Student_155,87,81
156,Student_156,96,78
157,Student_157,86,74
158,Student_158,79,83
159,Student_159,80,78
160,Student_160,79,83
161,Student_161,79,75
162,Student_162,86,54
163,Student_163,53,100
164,Student_164,57,100
165,Student_165,67,74
166,Student_166,69,80
167,Student_167,86,90
168,Student_168,57,77
169,Student_169,72,68
170,Student_170,51,81
171,Student_171,72,86
172,Student_172,88,57
173,Student_173,50,52
174,Student_174,92,50
175,Student_175,76,75
176,Student_176,70,87
177,Student_177,74,97
178,Student_178,69,76
179,Student_179,51,90
180,Student_180,66,81
181,Student_181,52,88
182,Student_182,70,84
183,Student_183,85,70
184,Student_184,62,76
185,Student_185,85,58
186,Student_186,88,77
187,Student_187,96,72
188,Student_188,60,93
189,Student_189,98,63
190,Student_190,79,61
191,Student_191,84,96
192,Student_192,84,88
193,Student_193,97,91
194,Student_194,71,53
195,Student_195,64,55
196,Student_196,71,80
197,Student_197,63,99
198,Student_198,76,50
199,Student_199,72,78
200,Student_200,78,64
201,Student_201,93,68
202,Student_202,100,61
203,Student_203,78,53
204,Student_204,72,100
205,Student_205,73,97
206,Student_206,93,68
207,Student_207,57,54
208,Student_208,96,75
209,Student_209,53,98
210,Student_210,57,54
211,Student_211,85,100
212,Student_212,95,64
213,Student_213,76,93
214,Student_214,81,62
215,Student_215,63,63
216,Student_216,51,69
217,Student_217,92,97
218,Student_218,84,66
219,Student_219,50,62
220,Student_220,100,78
221,Student_221,94,82
222,Student_222,81,62
223,Student_223,76,57
224,Student_224,92,54
225,Student_225,89,82
226,Student_226,71,57
227,Student_227,97,69
228,Student_228,65,85
229,Student_229,97,53
230,Student_230,92,90
231,Student_231,59,63
232,Student_232,65,62
233,Student_233,78,95
234,Student_234,86,99
235,Student_235,98,99
236,Student_236,65,54
237,Student_237,66,88
238,Student_238,63,71
239,Student_239,88,70
240,Student_240,63,61
241,Student_241,91,57
242,Student_242,97,67
243,Student_243,80,85
244,Student_244,72,63
245,Student_245,70,91
246,Student_246,60,77
247,Student_247,53,86
248,Student_248,99,88
249,Student_249,65,57
250,Student_250,68,54
251,Student_251,100,66
252,Student_252,91,89
253,Student_253,76,66
254,Student_254,71,62
255,Student_255,80,75
256,Student_256,70,66
257,Student_257,98,86
258,Student_258,74,83
259,Student_259,65,58
260,Student_260,93,96
261,Student_261,54,58
262,Student_262,78,56
263,Student_263,68,55
264,Student_264,89,60
265,Student_265,59,84
266,Student_266,100,94
267,Student_267,80,78
268,Student_268,84,84
269,Student_269,55,96
270,Student_270,53,78
271,Student_271,74,75
272,Student_272,61,66
273,Student_273,76,71
274,Student_274,89,91
275,Student_275,60,79
276,Student_276,63,99
277,Student_277,71,69
278,Student_278,61,86
279,Student_279,93,76
280,Student_280,87,85
281,Student_281,71,64
282,Student_282,56,75
283,Student_283,92,62
284,Student_284,63,80
285,Student_285,58,79
286,Student_286,91,100
287,Student_287,96,65
288,Student_288,96,83
289,Student_289,71,95
290,Student_290,51,56
291,Student_291,74,77
292,Student_292,50,96
293,Student_293,84,94
294,Student_294,53,54
295,Student_295,90,61
296,Student_296,73,92
297,Student_297,61,62
298,Student_298,50,63
299,Student_299,91,79
300,Student_300,94,50
301,Student_301,87,97
302,Student_302,56,50
303,Student_303,58,78
304,Student_304,69,60
305,Student_305,75,50
306,Student_306,55,67
307,Student_307,54,78
308,Student_308,75,72
309,Student_309,79,76
310,Student_310,92,71
311,Student_311,65,76
312,Student_312,70,74
313,Student_313,86,69
314,Student_314,76,91
315,Student_315,53,80
316,Student_316,63,84
317,Student_317,82,63
318,Student_318,68,56
319,Student_319,54,71
320,Student_320,77,90
321,Student_321,70,89
322,Student_322,77,83
323,Student_323,83,92
324,Student_324,56,50
325,Student_325,83,89
326,Student_326,72,99
327,Student_327,83,86
328,Student_328,55,63
329,Student_329,60,54
330,Student_330,60,67
331,Student_331,60,68
332,Student_332,72,92
333,Student_333,78,56
334,Student_334,88,99
335,Student_335,55,91
336,Student_336,66,100
337,Student_337,71,80
338,Student_338,53,50
339,Student_339,60,82
340,Student_340,97,81
341,Student_341,54,65
342,Student_342,84,50
343,Student_343,54,60
344,Student_344,57,54
345,Student_345,51,70
346,Student_346,75,89
347,Student_347,95,86
348,Student_348,71,87
349,Student_349,65,89
350,Student_350,84,59
351,Student_351,76,69
352,Student_352,93,72
353,Student_353,93,100
354,Student_354,63,69
355,Student_355,53,100
356,Student_356,75,51
357,Student_357,96,96
358,Student_358,67,69
359,Student_359,71,59
360,Student_360,70,86
361,Student_361,51,93
362,Student_362,88,95
363,Student_363,66,99
364,Student_364,65,77
365,Student_365,86,96
366,Student_366,71,74
367,Student_367,78,91
368,Student_368,88,83
369,Student_369,51,64
370,Student_370,56,75
371,Student_371,95,68
372,Student_372,71,88
373,Student_373,70,76
374,Student_374,70,94
375,Student_375,57,54
376,Student_376,71,75
377,Student_377,66,92
378,Student_378,79,72
379,Student_379,52,78
380,Student_380,89,64
381,Student_381,83,90
382,Student_382,83,50
383,Student_383,82,88
384,Student_384,76,99
385,Student_385,53,62
386,Student_386,76,71
387,Student_387,100,56
388,Student_388,87,73
389,Student_389,100,50
390,Student_390,89,62
391,Student_391,61,67
392,Student_392,68,59
393,Student_393,63,80
394,Student_394,79,54
395,Student_395,75,93
396,Student_396,67,57
397,Student_397,72,65
398,Student_398,62,97
399,Student_399,67,69
400,Student_400,81,86
401,Student_401,80,78
402,Student_402,80,68
403,Student_403,87,95
404,Student_404,77,84
405,Student_405,60,91
406,Student_406,98,81
407,Student_407,54,66
408,Student_408,97,63
409,Student_409,86,80
410,Student_410,54,100
411,Student_411,64,77
412,Student_412,63,90
413,Student_413,70,91
414,Student_414,61,60
415,Student_415,72,50
416,Student_416,93,94
417,Student_417,87,75
418,Student_418,79,91
419,Student_419,86,89
420,Student_420,73,76
421,Student_421,67,89
422,Student_422,53,66
423,Student_423,62,69
424,Student_424,56,95
425,Student_425,88,58
426,Student_426,71,53
427,Student_427,61,90
428,Student_428,56,88
429,Student_429,99,63
430,Student_430,55,58
431,Student_431,100,82
432,Student_432,64,99
433,Student_433,51,84
434,Student_434,69,52
435,Student_435,84,93
436,Student_436,63,96
437,Student_437,83,87
438,Student_438,78,85
439,Student_439,54,80
440,Student_440,85,82
441,Student_441,65,73
442,Student_442,78,91
443,Student_443,77,90
444,Student_444,90,61
445,Student_445,85,57
446,Student_446,60,84
447,Student_447,81,76
448,Student_448,96,65
449,Student_449,91,70
450,Student_450,58,72
451,Student_451,62,69
452,Student_452,69,87
453,Student_453,68,71
454,Student_454,99,97
455,Student_455,80,74
456,Student_456,96,69
457,Student_457,58,73
458,Student_458,67,61
459,Student_459,69,50
460,Student_460,77,61
461,Student_461,83,50
462,Student_462,65,67
463,Student_463,97,88
464,Student_464,67,57
465,Student_465,58,68
466,Student_466,65,76
467,Student_467,91,100
468,Student_468,60,69
469,Student_469,61,66
470,Student_470,85,54
471,Student_471,83,55
472,Student_472,73,86
473,Student_473,88,56
474,Student_474,77,62
475,Student_475,95,59
476,Student_476,55,67
477,Student_477,86,69
478,Student_478,67,83
479,Student_479,54,72
480,Student_480,72,84
481,Student_481,62,68
482,Student_482,72,90
483,Student_483,91,55
484,Student_484,75,74
485,Student_485,68,96
486,Student_486,84,77
487,Student_487,85,64
488,Student_488,92,85
489,Student_489,67,58
490,Student_490,83,100
491,Student_491,55,68
492,Student_492,59,74
493,Student_493,83,97
494,Student_494,51,66
495,Student_495,91,72
496,Student_496,61,67
497,Student_497,93,97
498,Student_498,55,67
499,Student_499,81,57
500,Student_500,91,94
501,Student_501,55,81
502,Student_502,75,89
503,Student_503,96,52
504,Student_504,69,60
505,Student_505,88,73
506,Student_506,82,63
507,Student_507,88,56
508,Student_508,83,83
509,Student_509,74,86
510,Student_510,65,51
511,Student_511,86,61
512,Student_512,67,91
513,Student_513,72,52
514,Student_514,56,94
515,Student_515,56,53
516,Student_516,64,50
517,Student_517,87,68
518,Student_518,92,82
519,Student_519,54,74
520,Student_520,67,57
521,Student_521,83,69
522,Student_522,67,57
523,Student_523,64,58
524,Student_524,85,56
525,Student_525,62,79
526,Student_526,75,98
527,Student_527,82,98
528,Student_528,78,82
529,Student_529,59,73
530,Student_530,82,99
531,Student_531,67,58
532,Student_532,77,100
533,Student_533,61,51
534,Student_534,83,93
535,Student_535,71,84
536,Student_536,82,95
537,Student_537,71,60
538,Student_538,66,98
539,Student_539,59,61
540,Student_540,60,100
541,Student_541,53,85
542,Student_542,74,57
543,Student_543,100,81
544,Student_544,70,50
545,Student_545,85,51
546,Student_546,67,57
547,Student_547,98,55
548,Student_548,100,81
549,Student_549,59,88
550,Student_550,83,85
551,Student_551,90,87
552,Student_552,55,58
553,Student_553,67,66
554,Student_554,63,81
555,Student_555,52,50
556,Student_556,93,82
557,Student_557,62,75
558,Student_558,50,78
559,Student_559,60,57
560,Student_560,90,85
561,Student_561,91,64
562,Student_562,85,59
563,Student_563,92,63
564,Student_564,77,87
565,Student_565,83,83
566,Student_566,58,79
567,Student_567,52,67
568,Student_568,97,59
569,Student_569,95,97
570,Student_570,93,92
571,Student_571,85,84
572,Student_572,63,69
573,Student_573,62,55
574,Student_574,54,59
575,Student_575,75,67
576,Student_576,58,69
577,Student_577,68,92
578,Student_578,58,81
579,Student_579,81,98
580,Student_580,63,80
581,Student_581,81,58
582,Student_582,54,51
583,Student_583,94,100
584,Student_584,62,54
585,Student_585,60,76
586,Student_586,69,82
587,Student_587,99,59
588,Student_588,90,90
589,Student_589,53,72
590,Student_590,70,86
591,Student_591,53,90
592,Student_592,82,62
593,Student_593,80,56
594,Student_594,63,85
595,Student_595,78,90
596,Student_596,96,97
597,Student_597,54,72
598,Student_598,81,82
599,Student_599,96,92
600,Student_600,70,98
601,Student_601,91,78
602,Student_602,68,72
603,Student_603,98,55
604,Student_604,55,72
605,Student_605,66,52
606,Student_606,66,59
607,Student_607,59,72
608,Student_608,53,68
609,Student_609,78,65
610,Student_610,71,95
611,Student_611,75,65
612,Student_612,84,93
613,Student_613,78,69
614,Student_614,95,66
615,Student_615,82,90
616,Student_616,75,84
617,Student_617,94,77
618,Student_618,80,82
619,Student_619,82,84
620,Student_620,63,50
621,Student_621,99,51
622,Student_622,53,86
623,Student_623,59,63
624,Student_624,87,68
625,Student_625,86,84
626,Student_626,50,65
627,Student_627,82,87
628,Student_628,92,71
629,Student_629,75,93
630,Student_630,78,56
631,Student_631,58,77
632,Student_632,94,60
633,Student_633,74,93
634,Student_634,91,85
635,Student_635,68,93
636,Student_636,56,71
637,Student_637,61,65
638,Student_638,67,72
639,Student_639,87,52
640,Student_640,63,54
641,Student_641,93,58
642,Student_642,81,84
643,Student_643,57,96
644,Student_644,93,58
645,Student_645,63,54
646,Student_646,87,60
647,Student_647,100,63
648,Student_648,99,82
649,Student_649,86,66
650,Student_650,94,94
651,Student_651,59,73
652,Student_652,86,93
653,Student_653,96,76
654,Student_654,82,73
655,Student_655,96,90
656,Student_656,74,90
657,Student_657,58,96
658,Student_658,73,59
659,Student_659,52,71
660,Student_660,70,68
661,Student_661,98,56
662,Student_662,72,68
663,Student_663,50,76
664,Student_664,97,94
665,Student_665,53,94
666,Student_666,94,61
667,Student_667,89,73
668,Student_668,67,88
669,Student_669,88,92
670,Student_670,97,79
671,Student_671,71,65
672,Student_672,67,70
673,Student_673,52,58
674,Student_674,97,78
675,Student_675,75,100
676,Student_676,66,76
677,Student_677,50,65
678,Student_678,91,54
679,Student_679,53,67
680,Student_680,64,64
681,Student_681,51,52
682,Student_682,68,100
683,Student_683,81,96
684,Student_684,68,52
685,Student_685,81,69
686,Student_686,62,94
687,Student_687,56,90
688,Student_688,60,76
689,Student_689,81,98
690,Student_690,98,59
691,Student_691,75,55
692,Student_692,85,99
693,Student_693,80,80
694,Student_694,87,81
695,Student_695,62,85
696,Student_696,64,98
697,Student_697,66,53
698,Student_698,96,68
699,Student_699,97,86
700,Student_700,57,54
701,Student_701,74,78
702,Student_702,61,67
703,Student_703,85,84
704,Student_704,53,77
705,Student_705,53,58
706,Student_706,93,75
707,Student_707,70,80
708,Student_708,85,62
709,Student_709,100,94
710,Student_710,81,64
711,Student_711,52,81
712,Student_712,54,88
713,Student_713,78,98
714,Student_714,64,61
715,Student_715,52,92
716,Student_716,57,53
717,Student_717,92,71
718,Student_718,56,98
719,Student_719,57,56
720,Student_720,93,53
721,Student_721,57,87
722,Student_722,97,58
723,Student_723,78,86
724,Student_724,64,56
725,Student_725,56,82
726,Student_726,74,55
727,Student_727,77,75
728,Student_728,85,70
729,Student_729,55,79
730,Student_730,59,59
731,Student_731,50,56
732,Student_732,88,64
733,Student_733,77,100
734,Student_734,76,90
735,Student_735,98,50
736,Student_736,84,59
737,Student_737,79,60
738,Student_738,64,55
739,Student_739,92,73
740,Student_740,81,77
741,Student_741,51,71
742,Student_742,99,91
743,Student_743,85,51
744,Student_744,50,70
745,Student_745,65,68
746,Student_746,59,59
747,Student_747,66,81
748,Student_748,50,56
749,Student_749,92,76
750,Student_750,54,64
751,Student_751,87,80
752,Student_752,93,100
753,Student_753,96,55
754,Student_754,68,68
755,Student_755,99,84
756,Student_756,56,87
757,Student_757,81,80
758,Student_758,61,79
759,Student_759,92,80
760,Student_760,52,100
761,Student_761,91,68
762,Student_762,91,97
763,Student_763,65,79
764,Student_764,98,79
765,Student_765,50,80
766,Student_766,55,96
767,Student_767,70,99
768,Student_768,94,89
769,Student_769,59,72
770,Student_770,100,99
771,Student_771,68,85
772,Student_772,86,55
773,Student_773,64,82
774,Student_774,54,64
775,Student_775,89,86
776,Student_776,92,75
777,Student_777,81,72
778,Student_778,86,67
779,Student_779,58,65
780,Student_780,61,79
781,Student_781,51,92
782,Student_782,78,77
783,Student_783,70,63
784,Student_784,62,77
785,Student_785,55,65
786,Student_786,100,51
787,Student_787,54,56
788,Student_788,66,99
789,Student_789,69,76
790,Student_790,95,86
791,Student_791,81,59
792,Student_792,93,65
793,Student_793,83,56
794,Student_794,92,64
795,Student_795,61,89
796,Student_796,73,50
797,Student_797,72,56
798,Student_798,59,68
799,Student_799,70,79
800,Student_800,90,69
801,Student_801,78,58
802,Student_802,84,61
803,Student_803,76,56
804,Student_804,75,69
805,Student_805,77,75
806,Student_806,85,82
807,Student_807,56,99
808,Student_808,73,67
809,Student_809,67,75
810,Student_810,73,79
811,Student_811,76,87
812,Student_812,77,86
813,Student_813,64,91
814,Student_814,72,81
815,Student_815,83,91
816,Student_816,91,88
817,Student_817,81,78
818,Student_818,92,64
819,Student_819,76,81
820,Student_820,63,79
821,Student_821,78,85
822,Student_822,95,70
823,Student_823,81,64
824,Student_824,59,70
825,Student_825,100,86
826,Student_826,93,88
827,Student_827,55,79
828,Student_828,55,56
829,Student_829,68,92
830,Student_830,80,61
831,Student_831,73,55
832,Student_832,56,54
833,Student_833,76,100
834,Student_834,98,86
835,Student_835,88,80
836,Student_836,67,90
837,Student_837,68,82
838,Student_838,84,62
839,Student_839,74,51
840,Student_840,68,61
841,Student_841,55,52
842,Student_842,88,80
843,Student_843,59,92
844,Student_844,94,73
845,Student_845,81,87
846,Student_846,82,79
847,Student_847,78,98
848,Student_848,75,95
849,Student_849,51,50
850,Student_850,71,68
851,Student_851,68,96
852,Student_852,96,91
853,Student_853,95,68
854,Student_854,61,59
855,Student_855,50,73
856,Student_856,91,83
857,Student_857,93,68
858,Student_858,77,84
859,Student_859,80,95
860,Student_860,91,96
861,Student_861,92,79
862,Student_862,91,62
863,Student_863,94,82
864,Student_864,93,65
865,Student_865,99,73
866,Student_866,93,61
867,Student_867,86,84
868,Student_868,88,83
869,Student_869,94,62
870,Student_870,71,60
871,Student_871,100,57
872,Student_872,60,54
873,Student_873,65,98
874,Student_874,60,85
875,Student_875,85,84
876,Student_876,98,77
877,Student_877,72,65
878,Student_878,76,73
879,Student_879,96,51
880,Student_880,65,77
881,Student_881,56,53
882,Student_882,88,99
883,Student_883,50,94
884,Student_884,53,87
885,Student_885,59,70
886,Student_886,80,52
887,Student_887,91,70
888,Student_888,80,55
889,Student_889,58,99
890,Student_890,78,62
891,Student_891,98,80
892,Student_892,57,91
893,Student_893,60,55
894,Student_894,67,97
895,Student_895,97,77
896,Student_896,56,71
897,Student_897,93,94
898,Student_898,97,97
899,Student_899,84,99
900,Student_900,59,99
901,Student_901,82,99
902,Student_902,99,85
903,Student_903,69,70
904,Student_904,94,54
905,Student_905,52,100
906,Student_906,66,98
907,Student_907,89,81
908,Student_908,98,67
909,Student_909,86,65
910,Student_910,69,90
911,Student_911,65,81
912,Student_912,69,69
913,Student_913,57,92
914,Student_914,80,73
915,Student_915,82,60
916,Student_916,62,98
917,Student_917,60,51
918,Student_918,83,54
919,Student_919,85,81
920,Student_920,62,97
921,Student_921,78,60
922,Student_922,65,57
923,Student_923,87,58
924,Student_924,93,91
925,Student_925,64,94
926,Student_926,55,89
927,Student_927,97,90
928,Student_928,73,65
929,Student_929,57,94
930,Student_930,86,83
931,Student_931,69,73
932,Student_932,78,62
933,Student_933,80,73
934,Student_934,72,99
935,Student_935,53,77
936,Student_936,100,60
937,Student_937,94,54
938,Student_938,50,55
939,Student_939,81,86
940,Student_940,88,95
941,Student_941,98,80
942,Student_942,78,64
943,Student_943,58,56
944,Student_944,84,75
945,Student_945,72,76
946,Student_946,54,72
947,Student_947,98,56
948,Student_948,78,94
949,Student_949,86,80
950,Student_950,73,78
951,Student_951,79,75
952,Student_952,93,90
953,Student_953,61,75
954,Student_954,68,54
955,Student_955,60,96
956,Student_956,95,83
957,Student_957,62,53
958,Student_958,98,59
959,Student_959,90,90
960,Student_960,100,58
961,Student_961,92,60
962,Student_962,66,95
963,Student_963,69,72
964,Student_964,81,83
965,Student_965,70,50
966,Student_966,50,56
967,Student_967,71,83
968,Student_968,88,95
969,Student_969,59,60
970,Student_970,84,100
971,Student_971,82,66
972,Student_972,96,96
973,Student_973,98,90
974,Student_974,82,97
975,Student_975,50,55
976,Student_976,84,94
977,Student_977,81,85
978,Student_978,79,62
979,Student_979,84,63
980,Student_980,87,66
981,Student_981,75,76
982,Student_982,52,95
983,Student_983,78,51
984,Student_984,78,53
985,Student_985,86,54
986,Student_986,85,95
987,Student_987,74,63
988,Student_988,97,73
989,Student_989,84,73
990,Student_990,74,81
991,Student_991,74,96
992,Student_992,65,82
993,Student_993,58,58
994,Student_994,70,70
995,Student_995,91,58
996,Student_996,86,62
997,Student_997,80,87
998,Student_998,67,79
999,Student_999,92,94
1000,Student_1000,100,93
1001,Student_1001,71,58
1002,Student_1002,54,72
1003,Student_1003,76,59
1004,Student_1004,76,98
1005,Student_1005,75,100
1006,Student_1006,52,77
1007,Student_1007,61,86
1008,Student_1008,74,70
1009,Student_1009,72,98
1010,Student_1010,64,76
1011,Student_1011,79,85
1012,Student_1012,98,65
1013,Student_1013,55,97
1014,Student_1014,86,80
1015,Student_1015,87,50
1016,Student_1016,99,100
1017,Student_1017,97,62
1018,Student_1018,69,51
1019,Student_1019,66,61
1020,Student_1020,85,88
1021,Student_1021,79,76
1022,Student_1022,80,90
1023,Student_1023,68,61
1024,Student_1024,60,61
1025,Student_1025,75,85
1026,Student_1026,54,87
1027,Student_1027,82,69
1028,Student_1028,86,80
1029,Student_1029,66,89
1030,Student_1030,82,82
1031,Student_1031,59,99
1032,Student_1032,89,57
1033,Student_1033,94,79
1034,Student_1034,65,82
1035,Student_1035,51,67
1036,Student_1036,72,62
1037,Student_1037,91,51
1038,Student_1038,91,77
1039,Student_1039,65,50
1040,Student_1040,80,74
1041,Student_1041,55,54
1042,Student_1042,64,92
1043,Student_1043,87,91
1044,Student_1044,95,74
1045,Student_1045,50,69
1046,Student_1046,66,69
1047,Student_1047,70,57
1048,Student_1048,81,76
1049,Student_1049,71,63
1050,Student_1050,81,70
1051,Student_1051,73,65
1052,Student_1052,80,76
1053,Student_1053,79,56
1054,Student_1054,74,85
1055,Student_1055,53,99
1056,Student_1056,63,52
1057,Student_1057,89,50
1058,Student_1058,98,86
1059,Student_1059,57,73
1060,Student_1060,99,76
1061,Student_1061,84,91
1062,Student_1062,96,63
1063,Student_1063,100,92
1064,Student_1064,91,72
1065,Student_1065,81,91
1066,Student_1066,80,54
1067,Student_1067,81,53
1068,Student_1068,69,53
1069,Student_1069,56,85
1070,Student_1070,71,54
1071,Student_1071,66,74
1072,Student_1072,97,79
1073,Student_1073,71,95
1074,Student_1074,86,75
1075,Student_1075,86,55
1076,Student_1076,81,97
1077,Student_1077,53,65
1078,Student_1078,57,76
1079,Student_1079,93,79
1080,Student_1080,64,70
1081,Student_1081,53,80
1082,Student_1082,87,59
1083,Student_1083,91,53
1084,Student_1084,58,76
1085,Student_1085,72,91
1086,Student_1086,56,66
1087,Student_1087,80,86
1088,Student_1088,88,77
1089,Student_1089,79,52
1090,Student_1090,98,81
1091,Student_1091,57,94
1092,Student_1092,56,81
1093,Student_1093,69,71
1094,Student_1094,65,72
1095,Student_1095,65,57
1096,Student_1096,57,56
1097,Student_1097,90,50
1098,Student_1098,86,81
1099,Student_1099,69,79
1100,Student_1100,75,99
1101,Student_1101,54,93
1102,Student_1102,88,67
1103,Student_1103,96,85
1104,Student_1104,53,93
1105,Student_1105,98,70
1106,Student_1106,79,90
1107,Student_1107,87,78
1108,Student_1108,63,60
1109,Student_1109,78,95
1110,Student_1110,93,94
1111,Student_1111,52,71
1112,Student_1112,91,72
1113,Student_1113,73,52
1114,Student_1114,55,79
1115,Student_1115,84,58
1116,Student_1116,86,83
1117,Student_1117,55,91
1118,Student_1118,64,54
1119,Student_1119,79,96
1120,Student_1120,94,75
1121,Student_1121,68,52
1122,Student_1122,94,84
1123,Student_1123,90,94
1124,Student_1124,79,65
1125,Student_1125,67,51
1126,Student_1126,100,92
1127,Student_1127,82,91
1128,Student_1128,59,94
1129,Student_1129,67,51
1130,Student_1130,75,56
1131,Student_1131,62,90
1132,Student_1132,87,50
1133,Student_1133,74,84
1134,Student_1134,92,60
1135,Student_1135,81,69
1136,Student_1136,80,58
1137,Student_1137,81,67
1138,Student_1138,97,90
1139,Student_1139,67,50
1140,Student_1140,83,52
1141,Student_1141,76,88
1142,Student_1142,67,62
1143,Student_1143,98,73
1144,Student_1144,71,72
1145,Student_1145,60,80
1146,Student_1146,55,70
1147,Student_1147,68,54
1148,Student_1148,72,89
1149,Student_1149,60,92
1150,Student_1150,74,99
1151,Student_1151,88,91
1152,Student_1152,100,83
1153,Student_1153,99,72
1154,Student_1154,90,55
1155,Student_1155,95,75
1156,Student_1156,100,58
1157,Student_1157,78,59
1158,Student_1158,97,63
1159,Student_1159,90,52
1160,Student_1160,71,52
1161,Student_1161,65,51
1162,Student_1162,93,98
1163,Student_1163,51,89
1164,Student_1164,53,68
1165,Student_1165,99,66
1166,Student_1166,81,91
1167,Student_1167,98,73
1168,Student_1168,65,87
1169,Student_1169,58,52
1170,Student_1170,100,67
1171,Student_1171,59,83
1172,Student_1172,58,75
1173,Student_1173,65,93
1174,Student_1174,81,65
1175,Student_1175,64,91
1176,Student_1176,88,62
1177,Student_1177,97,87
1178,Student_1178,96,80
1179,Student_1179,57,53
1180,Student_1180,94,84
1181,Student_1181,83,64
1182,Student_1182,73,83
1183,Student_1183,96,50
1184,Student_1184,53,53
1185,Student_1185,98,63
1186,Student_1186,76,65
1187,Student_1187,90,67
1188,Student_1188,57,68
1189,Student_1189,85,54
1190,Student_1190,73,79
1191,Student_1191,57,89
1192,Student_1192,92,65
1193,Student_1193,87,80
1194,Student_1194,89,95
1195,Student_1195,59,82
1196,Student_1196,63,86
1197,Student_1197,87,97
1198,Student_1198,63,83
1199,Student_1199,100,67
1200,Student_1200,91,54
1201,Student_1201,57,61
1202,Student_1202,91,61
1203,Student_1203,63,87
1204,Student_1204,52,95
1205,Student_1205,55,53
1206,Student_1206,58,72
1207,Student_1207,58,88
1208,Student_1208,58,54
1209,Student_1209,72,64
1210,Student_1210,52,95
1211,Student_1211,79,51
1212,Student_1212,52,57
1213,Student_1213,83,76
1214,Student_1214,85,83
1215,Student_1215,94,67
1216,Student_1216,82,76
1217,Student_1217,85,96
1218,Student_1218,69,73
1219,Student_1219,58,51
1220,Student_1220,86,59
1221,Student_1221,75,70
1222,Student_1222,83,83
1223,Student_1223,77,91
1224,Student_1224,83,64
1225,Student_1225,100,77
1226,Student_1226,64,66
1227,Student_1227,66,58
1228,Student_1228,54,74
1229,Student_1229,65,96
1230,Student_1230,73,54
1231,Student_1231,69,57
1232,Student_1232,83,59
1233,Student_1233,52,50
1234,Student_1234,94,60
1235,Student_1235,71,71
1236,Student_1236,59,57
1237,Student_1237,73,89
1238,Student_1238,57,68
1239,Student_1239,70,79
1240,Student_1240,82,67
1241,Student_1241,59,57
1242,Student_1242,85,76
1243,Student_1243,81,68
1244,Student_1244,91,74
1245,Student_1245,64,73
1246,Student_1246,84,80
1247,Student_1247,74,87
1248,Student_1248,73,83
1249,Student_1249,93,70
1250,Student_1250,88,62
1251,Student_1251,75,55
1252,Student_1252,56,85
1253,Student_1253,70,57
1254,Student_1254,100,89
1255,Student_1255,55,74
1256,Student_1256,91,97
1257,Student_1257,68,81
1258,Student_1258,56,64
1259,Student_1259,58,66
1260,Student_1260,53,87
1261,Student_1261,54,93
1262,Student_1262,61,95
1263,Student_1263,62,62
1264,Student_1264,85,57
1265,Student_1265,86,57
1266,Student_1266,89,85
1267,Student_1267,93,79
1268,Student_1268,70,61
1269,Student_1269,69,86
1270,Student_1270,67,95
1271,Student_1271,83,85
1272,Student_1272,82,80
1273,Student_1273,54,65
1274,Student_1274,66,51
1275,Student_1275,78,88
1276,Student_1276,83,95
1277,Student_1277,56,56
1278,Student_1278,58,77
1279,Student_1279,93,79
1280,Student_1280,51,52
1281,Student_1281,95,63
1282,Student_1282,61,86
1283,Student_1283,57,66
1284,Student_1284,76,94
1285,Student_1285,68,79
1286,Student_1286,90,62
1287,Student_1287,91,71
1288,Student_1288,90,89
1289,Student_1289,67,91
1290,Student_1290,88,97
1291,Student_1291,80,66
1292,Student_1292,96,90
1293,Student_1293,67,57
1294,Student_1294,83,63
1295,Student_1295,59,60
1296,Student_1296,94,68
1297,Student_1297,71,70
1298,Student_1298,74,94
1299,Student_1299,63,95
1300,Student_1300,74,66
1301,Student_1301,53,56
1302,Student_1302,98,60
1303,Student_1303,95,62
1304,Student_1304,68,76
1305,Student_1305,89,54
1306,Student_1306,92,78
1307,Student_1307,54,68
1308,Student_1308,60,51
1309,Student_1309,72,64
1310,Student_1310,65,62
1311,Student_1311,92,58
1312,Student_1312,89,77
1313,Student_1313,77,76
1314,Student_1314,52,58
1315,Student_1315,55,57
1316,Student_1316,50,50
1317,Student_1317,71,75
1318,Student_1318,84,61
1319,Student_1319,87,65
1320,Student_1320,71,86
1321,Student_1321,85,62
1322,Student_1322,98,64
1323,Student_1323,72,62
1324,Student_1324,98,84
1325,Student_1325,59,73
1326,Student_1326,86,86
1327,Student_1327,93,91
1328,Student_1328,74,78
1329,Student_1329,82,85
1330,Student_1330,60,100
1331,Student_1331,78,93
1332,Student_1332,84,54
1333,Student_1333,90,76
1334,Student_1334,70,75
1335,Student_1335,88,75
1336,Student_1336,66,98
1337,Student_1337,75,73
1338,Student_1338,96,91
1339,Student_1339,79,91
1340,Student_1340,71,62
1341,Student_1341,71,60
1342,Student_1342,50,73
1343,Student_1343,96,55
1344,Student_1344,95,62
1345,Student_1345,97,53
1346,Student_1346,100,100
1347,Student_1347,65,84
1348,Student_1348,78,90
1349,Student_1349,66,52
1350,Student_1350,63,77
1351,Student_1351,73,56
1352,Student_1352,61,56
1353,Student_1353,85,58
1354,Student_1354,100,66
1355,Student_1355,76,50
1356,Student_1356,54,50
1357,Student_1357,58,75
1358,Student_1358,92,96
1359,Student_1359,95,79
1360,Student_1360,83,55
1361,Student_1361,65,91
1362,Student_1362,69,68
1363,Student_1363,60,88
1364,Student_1364,67,54
1365,Student_1365,74,62
1366,Student_1366,64,66
1367,Student_1367,81,54
1368,Student_1368,66,51
1369,Student_1369,65,76
1370,Student_1370,96,64
1371,Student_1371,59,50
1372,Student_1372,61,96
1373,Student_1373,100,83
1374,Student_1374,57,64
1375,Student_1375,77,71
1376,Student_1376,61,72
1377,Student_1377,90,68
1378,Student_1378,94,85
1379,Student_1379,89,86
1380,Student_1380,84,76
1381,Student_1381,70,53
1382,Student_1382,89,87
1383,Student_1383,71,89
1384,Student_1384,73,73
1385,Student_1385,89,97
1386,Student_1386,51,58
1387,Student_1387,58,59
1388,Student_1388,87,77
1389,Student_1389,87,57
1390,Student_1390,68,58
1391,Student_1391,78,73
1392,Student_1392,68,63
1393,Student_1393,97,95
1394,Student_1394,73,93
1395,Student_1395,90,93
1396,Student_1396,86,57
1397,Student_1397,57,76
1398,Student_1398,99,52
1399,Student_1399,88,96
1400,Student_1400,76,59
1401,Student_1401,60,87
1402,Student_1402,59,88
1403,Student_1403,77,99
1404,Student_1404,71,64
1405,Student_1405,98,61
1406,Student_1406,97,76
1407,Student_1407,50,97
1408,Student_1408,52,94
1409,Student_1409,83,64
1410,Student_1410,94,52
1411,Student_1411,95,97
1412,Student_1412,81,94
1413,Student_1413,68,82
1414,Student_1414,83,60
1415,Student_1415,64,78
1416,Student_1416,85,84
1417,Student_1417,87,82
1418,Student_1418,62,67
1419,Student_1419,53,52
1420,Student_1420,69,74
1421,Student_1421,62,71
1422,Student_1422,68,66
1423,Student_1423,92,93
1424,Student_1424,65,71
1425,Student_1425,100,80
1426,Student_1426,75,97
1427,Student_1427,97,64
1428,Student_1428,98,98
1429,Student_1429,77,87
1430,Student_1430,92,51
1431,Student_1431,70,99
1432,Student_1432,75,83
1433,Student_1433,100,90
1434,Student_1434,92,92
1435,Student_1435,69,95
1436,Student_1436,80,89
1437,Student_1437,61,53
1438,Student_1438,62,57
1439,Student_1439,82,71
1440,Student_1440,52,63
1441,Student_1441,97,56
1442,Student_1442,91,98
1443,Student_1443,54,85
1444,Student_1444,90,69
1445,Student_1445,57,59
1446,Student_1446,55,81
1447,Student_1447,74,65
1448,Student_1448,93,69
1449,Student_1449,53,96
1450,Student_1450,88,70
1451,Student_1451,56,54
1452,Student_1452,72,78
1453,Student_1453,86,70
1454,Student_1454,65,53
1455,Student_1455,95,64
1456,Student_1456,66,90
1457,Student_1457,76,80
1458,Student_1458,95,87
1459,Student_1459,92,77
1460,Student_1460,88,94
1461,Student_1461,61,50
1462,Student_1462,75,72
1463,Student_1463,94,52
1464,Student_1464,62,96
1465,Student_1465,95,80
1466,Student_1466,91,95
1467,Student_1467,84,83
1468,Student_1468,61,52
1469,Student_1469,74,80
1470,Student_1470,87,65
1471,Student_1471,95,58
1472,Student_1472,66,86
1473,Student_1473,66,58
1474,Student_1474,94,97
1475,Student_1475,87,58
1476,Student_1476,65,59
1477,Student_1477,80,76
1478,Student_1478,51,53
1479,Student_1479,70,71
1480,Student_1480,65,59
1481,Student_1481,80,89
1482,Student_1482,71,77
1483,Student_1483,61,71
1484,Student_1484,76,68
1485,Student_1485,82,98
1486,Student_1486,82,68
1487,Student_1487,97,100
1488,Student_1488,62,66
1489,Student_1489,70,98
1490,Student_1490,64,76
1491,Student_1491,85,63
1492,Student_1492,90,81
1493,Student_1493,81,72
1494,Student_1494,89,95
1495,Student_1495,67,77
1496,Student_1496,85,58
1497,Student_1497,89,55
1498,Student_1498,99,89
1499,Student_1499,57,81
1500,Student_1500,90,52
1501,Student_1501,65,89
1502,Student_1502,62,51
1503,Student_1503,62,81
1504,Student_1504,82,57
1505,Student_1505,53,81
1506,Student_1506,84,70
1507,Student_1507,83,55
1508,Student_1508,84,98
1509,Student_1509,76,95
1510,Student_1510,65,74
1511,Student_1511,89,100
1512,Student_1512,85,86
1513,Student_1513,87,51
1514,Student_1514,81,66
1515,Student_1515,53,93
1516,Student_1516,88,89
1517,Student_1517,97,72
1518,Student_1518,50,52
1519,Student_1519,63,87
1520,Student_1520,90,71
1521,Student_1521,94,71
1522,Student_1522,50,78
1523,Student_1523,60,97
1524,Student_1524,84,82
1525,Student_1525,64,82
1526,Student_1526,76,87
1527,Student_1527,58,76
1528,Student_1528,78,65
1529,Student_1529,95,88
1530,Student_1530,80,92
1531,Student_1531,50,89
1532,Student_1532,71,76
1533,Student_1533,83,84
1534,Student_1534,81,96
1535,Student_1535,55,50
1536,Student_1536,81,65
1537,Student_1537,58,63
1538,Student_1538,75,99
1539,Student_1539,83,54
1540,Student_1540,98,62
1541,Student_1541,91,97
1542,Student_1542,81,86
1543,Student_1543,50,64
1544,Student_1544,68,86
1545,Student_1545,58,76
1546,Student_1546,50,70
1547,Student_1547,75,64
1548,Student_1548,82,75
1549,Student_1549,50,72
1550,Student_1550,84,76
1551,Student_1551,94,80
1552,Student_1552,99,50
1553,Student_1553,91,76
1554,Student_1554,90,79
1555,Student_1555,83,72
1556,Student_1556,63,57
1557,Student_1557,93,91
1558,Student_1558,89,79
1559,Student_1559,72,70
1560,Student_1560,89,69
1561,Student_1561,60,88
1562,Student_1562,79,96
1563,Student_1563,62,86
1564,Student_1564,88,94
1565,Student_1565,92,79
1566,Student_1566,75,94
1567,Student_1567,100,90
1568,Student_1568,86,77
1569,Student_1569,70,93
1570,Student_1570,84,90
1571,Student_1571,56,83
1572,Student_1572,94,67
1573,Student_1573,51,69
1574,Student_1574,50,87
1575,Student_1575,50,96
1576,Student_1576,98,85
1577,Student_1577,61,81
1578,Student_1578,63,58
1579,Student_1579,50,75
1580,Student_1580,59,94
1581,Student_1581,54,77
1582,Student_1582,95,56
1583,Student_1583,59,84
1584,Student_1584,87,84
1585,Student_1585,93,60
1586,Student_1586,83,73
1587,Student_1587,85,92
1588,Student_1588,92,79
1589,Student_1589,75,74
1590,Student_1590,95,96
1591,Student_1591,77,53
1592,Student_1592,93,70
1593,Student_1593,83,65
1594,Student_1594,74,57
1595,Student_1595,51,52
1596,Student_1596,58,50
1597,Student_1597,94,72
1598,Student_1598,75,91
1599,Student_1599,55,100
1600,Student_1600,70,79
1601,Student_1601,74,80
1602,Student_1602,56,50
1603,Student_1603,69,83
1604,Student_1604,69,58
1605,Student_1605,95,70
1606,Student_1606,97,76
1607,Student_1607,62,76
1608,Student_1608,68,65
1609,Student_1609,79,77
1610,Student_1610,50,56
1611,Student_1611,83,73
1612,Student_1612,86,68
1613,Student_1613,74,76
1614,Student_1614,80,98
1615,Student_1615,80,59
1616,Student_1616,52,61
1617,Student_1617,76,96
1618,Student_1618,100,88
1619,Student_1619,60,87
1620,Student_1620,87,71
1621,Student_1621,83,87
1622,Student_1622,61,93
1623,Student_1623,78,80
1624,Student_1624,63,51
1625,Student_1625,72,79
1626,Student_1626,80,61
1627,Student_1627,78,57
1628,Student_1628,58,98
1629,Student_1629,88,99
1630,Student_1630,60,58
1631,Student_1631,86,70
1632,Student_1632,63,80
1633,Student_1633,84,52
1634,Student_1634,64,95
1635,Student_1635,66,76
1636,Student_1636,98,93
1637,Student_1637,93,93
1638,Student_1638,62,61
1639,Student_1639,60,94
1640,Student_1640,73,58
1641,Student_1641,51,73
1642,Student_1642,74,81
1643,Student_1643,92,68
1644,Student_1644,75,96
1645,Student_1645,75,77
1646,Student_1646,73,65
1647,Student_1647,80,50
1648,Student_1648,93,79
1649,Student_1649,98,79
1650,Student_1650,70,62
1651,Student_1651,62,70
1652,Student_1652,87,62
1653,Student_1653,62,100
1654,Student_1654,89,81
1655,Student_1655,72,82
1656,Student_1656,97,66
1657,Student_1657,53,84
1658,Student_1658,65,99
1659,Student_1659,91,91
1660,Student_1660,99,94
1661,Student_1661,68,68
1662,Student_1662,61,55
1663,Student_1663,80,67
1664,Student_1664,72,93
1665,Student_1665,53,93
1666,Student_1666,69,73
1667,Student_1667,62,98
1668,Student_1668,63,65
1669,Student_1669,85,96
1670,Student_1670,88,72
1671,Student_1671,64,85
1672,Student_1672,75,59
1673,Student_1673,59,85
1674,Student_1674,66,94
1675,Student_1675,57,88
1676,Student_1676,76,68
1677,Student_1677,57,79
1678,Student_1678,66,89
1679,Student_1679,75,88
1680,Student_1680,72,68
1681,Student_1681,83,70
1682,Student_1682,56,86
1683,Student_1683,87,97
1684,Student_1684,52,51
1685,Student_1685,51,77
1686,Student_1686,67,91
1687,Student_1687,62,75
1688,Student_1688,92,70
1689,Student_1689,100,68
1690,Student_1690,70,82
1691,Student_1691,82,69
1692,Student_1692,88,58
1693,Student_1693,79,90
1694,Student_1694,69,66
1695,Student_1695,59,72
1696,Student_1696,66,98
1697,Student_1697,93,56
1698,Student_1698,64,91
1699,Student_1699,86,85
1700,Student_1700,71,52
1701,Student_1701,88,97
1702,Student_1702,81,68
1703,Student_1703,61,76
1704,Student_1704,100,88
1705,Student_1705,82,85
1706,Student_1706,86,89
1707,Student_1707,88,94
1708,Student_1708,91,87
1709,Student_1709,86,94
1710,Student_1710,90,53
1711,Student_1711,94,94
1712,Student_1712,83,91
1713,Student_1713,90,95
1714,Student_1714,68,51
1715,Student_1715,60,54
1716,Student_1716,56,62
1717,Student_1717,95,59
1718,Student_1718,68,90
1719,Student_1719,72,81
1720,Student_1720,52,97
1721,Student_1721,74,92
1722,Student_1722,90,72
1723,Student_1723,98,70
1724,Student_1724,68,81
1725,Student_1725,64,64
1726,Student_1726,90,72
1727,Student_1727,83,95
1728,Student_1728,85,61
1729,Student_1729,62,62
1730,Student_1730,68,58
1731,Student_1731,71,61
1732,Student_1732,53,64
1733,Student_1733,63,59
1734,Student_1734,62,64
1735,Student_1735,81,57
1736,Student_1736,58,86
1737,Student_1737,77,52
1738,Student_1738,84,60
1739,Student_1739,85,67
1740,Student_1740,97,79
1741,Student_1741,56,100
1742,Student_1742,90,80
1743,Student_1743,81,56
1744,Student_1744,90,98
1745,Student_1745,93,55
1746,Student_1746,87,69
1747,Student_1747,82,60
1748,Student_1748,66,65
1749,Student_1749,97,53
1750,Student_1750,93,62
1751,Student_1751,72,89
1752,Student_1752,88,96
1753,Student_1753,57,52
1754,Student_1754,64,59
1755,Student_1755,58,71
1756,Student_1756,92,76
1757,Student_1757,96,66
1758,Student_1758,81,77
1759,Student_1759,97,88
1760,Student_1760,88,90
1761,Student_1761,52,96
1762,Student_1762,96,67
1763,Student_1763,66,84
1764,Student_1764,88,77
1765,Student_1765,92,80
1766,Student_1766,60,90
1767,Student_1767,61,50
1768,Student_1768,67,68
1769,Student_1769,58,73
1770,Student_1770,71,62
1771,Student_1771,69,71
1772,Student_1772,68,60
1773,Student_1773,69,79
1774,Student_1774,92,74
1775,Student_1775,62,93
1776,Student_1776,89,62
1777,Student_1777,84,97
1778,Student_1778,98,92
1779,Student_1779,82,91
1780,Student_1780,73,78
1781,Student_1781,65,76
1782,Student_1782,99,77
1783,Student_1783,75,97
1784,Student_1784,88,90
1785,Student_1785,56,64
1786,Student_1786,97,54
1787,Student_1787,59,79
1788,Student_1788,62,61
1789,Student_1789,75,57
1790,Student_1790,80,67
1791,Student_1791,79,60
1792,Student_1792,80,78
1793,Student_1793,67,58
1794,Student_1794,93,92
1795,Student_1795,73,68
1796,Student_1796,77,90
1797,Student_1797,63,93
1798,Student_1798,73,78
1799,Student_1799,98,58
1800,Student_1800,82,52
1801,Student_1801,92,78
1802,Student_1802,98,59
1803,Student_1803,91,87
1804,Student_1804,73,93
1805,Student_1805,63,70
1806,Student_1806,68,77
1807,Student_1807,62,65
1808,Student_1808,61,55
1809,Student_1809,85,83
1810,Student_1810,59,81
1811,Student_1811,83,72
1812,Student_1812,87,78
1813,Student_1813,70,56
1814,Student_1814,66,60
1815,Student_1815,93,64
1816,Student_1816,92,96
1817,Student_1817,71,51
1818,Student_1818,84,60
1819,Student_1819,83,73
1820,Student_1820,98,62
1821,Student_1821,61,93
1822,Student_1822,66,97
1823,Student_1823,65,62
1824,Student_1824,82,98
1825,Student_1825,91,74
1826,Student_1826,56,58
1827,Student_1827,76,92
1828,Student_1828,82,62
1829,Student_1829,57,97
1830,Student_1830,55,53
1831,Student_1831,96,75
1832,Student_1832,55,63
1833,Student_1833,56,68
1834,Student_1834,84,97
1835,Student_1835,95,92
1836,Student_1836,60,98
1837,Student_1837,62,77
1838,Student_1838,58,82
1839,Student_1839,60,98
1840,Student_1840,94,85
1841,Student_1841,84,78
1842,Student_1842,60,52
1843,Student_1843,77,83
1844,Student_1844,50,84
1845,Student_1845,54,71
1846,Student_1846,55,61
1847,Student_1847,71,77
1848,Student_1848,51,67
1849,Student_1849,52,91
1850,Student_1850,63,63
1851,Student_1851,82,52
1852,Student_1852,80,57
1853,Student_1853,88,71
1854,Student_1854,95,73
1855,Student_1855,97,59
1856,Student_1856,62,97
1857,Student_1857,95,79
1858,Student_1858,99,84
1859,Student_1859,50,53
1860,Student_1860,65,60
1861,Student_1861,98,50
1862,Student_1862,80,70
1863,Student_1863,62,97
1864,Student_1864,73,65
1865,Student_1865,67,70
1866,Student_1866,86,60
1867,Student_1867,53,78
1868,Student_1868,78,60
1869,Student_1869,80,84
1870,Student_1870,59,81
1871,Student_1871,54,85
1872,Student_1872,93,68
1873,Student_1873,85,68
1874,Student_1874,96,72
1875,Student_1875,76,97
1876,Student_1876,78,55
1877,Student_1877,72,57
1878,Student_1878,70,87
1879,Student_1879,88,69
1880,Student_1880,63,55
1881,Student_1881,85,67
1882,Student_1882,50,89
1883,Student_1883,74,91
1884,Student_1884,96,99
1885,Student_1885,69,79
1886,Student_1886,65,51
1887,Student_1887,54,71
1888,Student_1888,81,82
1889,Student_1889,59,70
1890,Student_1890,81,77
1891,Student_1891,59,66
1892,Student_1892,100,88
1893,Student_1893,61,59
1894,Student_1894,76,61
1895,Student_1895,64,77
1896,Student_1896,99,79
1897,Student_1897,99,92
1898,Student_1898,93,87
1899,Student_1899,68,68
1900,Student_1900,97,62
1901,Student_1901,62,88
1902,Student_1902,95,54
1903,Student_1903,94,98
1904,Student_1904,70,51
1905,Student_1905,98,78
1906,Student_1906,61,100
1907,Student_1907,57,77
1908,Student_1908,90,70
1909,Student_1909,80,53
1910,Student_1910,73,90
1911,Student_1911,82,84
1912,Student_1912,96,69
1913,Student_1913,60,56
1914,Student_1914,75,77
1915,Student_1915,61,54
1916,Student_1916,63,63
1917,Student_1917,95,93
1918,Student_1918,95,84
1919,Student_1919,82,65
1920,Student_1920,75,57
1921,Student_1921,92,55
1922,Student_1922,87,95
1923,Student_1923,92,84
1924,Student_1924,72,91
1925,Student_1925,87,76
1926,Student_1926,92,53
1927,Student_1927,74,73
1928,Student_1928,96,70
1929,Student_1929,73,93
1930,Student_1930,100,73
1931,Student_1931,56,67
1932,Student_1932,61,99
1933,Student_1933,84,86
1934,Student_1934,51,99
1935,Student_1935,75,89
1936,Student_1936,78,62
1937,Student_1937,93,100
1938,Student_1938,58,94
1939,Student_1939,78,87
1940,Student_1940,91,100
1941,Student_1941,85,91
1942,Student_1942,57,50
1943,Student_1943,80,74
1944,Student_1944,58,53
1945,Student_1945,90,52
1946,Student_1946,97,69
1947,Student_1947,89,100
1948,Student_1948,87,99
1949,Student_1949,81,91
1950,Student_1950,74,67
1951,Student_1951,65,98
1952,Student_1952,71,91
1953,Student_1953,95,53
1954,Student_1954,67,78
1955,Student_1955,100,80
1956,Student_1956,65,56
1957,Student_1957,91,56
1958,Student_1958,73,81
1959,Student_1959,99,66
1960,Student_1960,90,82
1961,Student_1961,70,71
1962,Student_1962,73,95
1963,Student_1963,75,78
1964,Student_1964,81,82
1965,Student_1965,93,75
1966,Student_1966,84,67
1967,Student_1967,53,59
1968,Student_1968,60,75
1969,Student_1969,61,92
1970,Student_1970,55,97
1971,Student_1971,69,63
1972,Student_1972,78,63
1973,Student_1973,53,65
1974,Student_1974,61,57
1975,Student_1975,69,84
1976,Student_1976,50,100
1977,Student_1977,72,61
1978,Student_1978,96,77
1979,Student_1979,99,77
1980,Student_1980,62,67
1981,Student_1981,99,84
1982,Student_1982,97,80
1983,Student_1983,85,56
1984,Student_1984,76,97
1985,Student_1985,66,93
1986,Student_1986,99,80
1987,Student_1987,51,83
1988,Student_1988,82,59
1989,Student_1989,79,51
1990,Student_1990,55,50
1991,Student_1991,86,96
1992,Student_1992,85,98
1993,Student_1993,82,69
1994,Student_1994,92,89
1995,Student_1995,78,65
1996,Student_1996,76,80
1997,Student_1997,77,70
1998,Student_1998,67,53
1999,Student_1999,94,80
2000,Student_2000,53,69
2001,Student_2001,79,56
2002,Student_2002,64,83
2003,Student_2003,96,60
2004,Student_2004,69,61
2005,Student_2005,64,69
2006,Student_2006,90,62
2007,Student_2007,90,83
2008,Student_2008,90,74
2009,Student_2009,79,86
2010,Student_2010,63,81
2011,Student_2011,100,92
2012,Student_2012,63,56
2013,Student_2013,78,74
2014,Student_2014,58,91
2015,Student_2015,72,95
2016,Student_2016,72,53
2017,Student_2017,70,70
2018,Student_2018,62,87
2019,Student_2019,58,57
2020,Student_2020,95,53
2021,Student_2021,53,82
2022,Student_2022,89,61
2023,Student_2023,72,73
2024,Student_2024,96,52
2025,Student_2025,100,79
2026,Student_2026,66,93
2027,Student_2027,100,81
2028,Student_2028,78,75
2029,Student_2029,62,92
2030,Student_2030,95,86
2031,Student_2031,57,84
2032,Student_2032,75,76
2033,Student_2033,76,85
2034,Student_2034,72,77
2035,Student_2035,81,83
2036,Student_2036,72,79
2037,Student_2037,55,81
2038,Student_2038,89,85
2039,Student_2039,60,81
2040,Student_2040,68,77
2041,Student_2041,89,92
2042,Student_2042,70,92
2043,Student_2043,92,66
2044,Student_2044,52,52
2045,Student_2045,86,85
2046,Student_2046,94,66
2047,Student_2047,97,60
2048,Student_2048,63,67
2049,Student_2049,63,74
2050,Student_2050,90,74
2051,Student_2051,58,59
2052,Student_2052,71,76
2053,Student_2053,62,56
2054,Student_2054,96,63
2055,Student_2055,62,51
2056,Student_2056,71,62
2057,Student_2057,85,79
2058,Student_2058,53,62
2059,Student_2059,91,83
2060,Student_2060,70,98
2061,Student_2061,79,97
2062,Student_2062,55,58
2063,Student_2063,87,68
2064,Student_2064,91,83
2065,Student_2065,60,89
2066,Student_2066,97,63
2067,Student_2067,79,97
2068,Student_2068,64,59
2069,Student_2069,70,100
2070,Student_2070,67,90
2071,Student_2071,71,50
2072,Student_2072,74,94
2073,Student_2073,91,91
2074,Student_2074,82,92
2075,Student_2075,64,99
2076,Student_2076,58,60
2077,Student_2077,98,57
2078,Student_2078,56,75
2079,Student_2079,84,81
2080,Student_2080,73,66
2081,Student_2081,93,60
2082,Student_2082,92,54
2083,Student_2083,91,64
2084,Student_2084,95,56
2085,Student_2085,50,51
2086,Student_2086,94,90
2087,Student_2087,75,89
2088,Student_2088,93,71
2089,Student_2089,53,65
2090,Student_2090,96,83
2091,Student_2091,69,66
2092,Student_2092,82,90
2093,Student_2093,56,83
2094,Student_2094,71,67
2095,Student_2095,79,87
2096,Student_2096,95,71
2097,Student_2097,57,87
2098,Student_2098,50,58
2099,Student_2099,89,57
2100,Student_2100,83,53
2101,Student_2101,51,82
2102,Student_2102,96,50
2103,Student_2103,90,94
2104,Student_2104,78,62
2105,Student_2105,100,88
2106,Student_2106,65,93
2107,Student_2107,64,87
2108,Student_2108,74,94
2109,Student_2109,88,59
2110,Student_2110,81,87
2111,Student_2111,88,97
2112,Student_2112,72,87
2113,Student_2113,79,81
2114,Student_2114,50,64
2115,Student_2115,86,70
2116,Student_2116,91,73
2117,Student_2117,70,75
2118,Student_2118,88,88
2119,Student_2119,93,69
2120,Student_2120,62,83
2121,Student_2121,82,63
2122,Student_2122,60,55
2123,Student_2123,74,84
2124,Student_2124,70,87
2125,Student_2125,63,72
2126,Student_2126,72,97
2127,Student_2127,61,99
2128,Student_2128,64,63
2129,Student_2129,52,69
2130,Student_2130,79,55
2131,Student_2131,69,74
2132,Student_2132,93,73
2133,Student_2133,73,90
2134,Student_2134,97,91
2135,Student_2135,94,61
2136,Student_2136,97,100
2137,Student_2137,75,52
2138,Student_2138,75,97
2139,Student_2139,66,71
2140,Student_2140,87,89
2141,Student_2141,50,83
2142,Student_2142,77,50
2143,Student_2143,62,91
2144,Student_2144,98,98
2145,Student_2145,76,91
2146,Student_2146,97,86
2147,Student_2147,80,83
2148,Student_2148,69,90
2149,Student_2149,68,98
2150,Student_2150,82,61
2151,Student_2151,79,67
2152,Student_2152,67,97
2153,Student_2153,67,59
2154,Student_2154,54,91
2155,Student_2155,83,89
2156,Student_2156,97,58
2157,Student_2157,65,95
2158,Student_2158,55,81
2159,Student_2159,72,95
2160,Student_2160,82,59
2161,Student_2161,57,70
2162,Student_2162,58,55
2163,Student_2163,79,83
2164,Student_2164,69,82
2165,Student_2165,79,77
2166,Student_2166,55,73
2167,Student_2167,71,68
2168,Student_2168,58,69
2169,Student_2169,86,61
2170,Student_2170,53,65
2171,Student_2171,98,91
2172,Student_2172,80,55
2173,Student_2173,71,82
2174,Student_2174,61,62
2175,Student_2175,99,89
2176,Student_2176,64,91
2177,Student_2177,98,79
2178,Student_2178,76,56
2179,Student_2179,58,55
2180,Student_2180,89,88
2181,Student_2181,57,93
2182,Student_2182,84,99
2183,Student_2183,73,79
2184,Student_2184,84,65
2185,Student_2185,99,85
2186,Student_2186,93,61
2187,Student_2187,99,78
2188,Student_2188,60,57
2189,Student_2189,70,78
2190,Student_2190,63,72
2191,Student_2191,69,65
2192,Student_2192,82,87
2193,Student_2193,56,85
2194,Student_2194,81,70
2195,Student_2195,93,65
2196,Student_2196,51,50
2197,Student_2197,50,56
2198,Student_2198,60,59
2199,Student_2199,96,86
2200,Student_2200,88,86
2201,Student_2201,82,86
2202,Student_2202,92,56
2203,Student_2203,93,88
2204,Student_2204,97,53
2205,Student_2205,89,80
2206,Student_2206,77,99
2207,Student_2207,51,86
2208,Student_2208,71,53
2209,Student_2209,62,52
2210,Student_2210,74,98
2211,Student_2211,91,85
2212,Student_2212,72,84
2213,Student_2213,86,75
2214,Student_2214,90,85
2215,Student_2215,88,96
2216,Student_2216,51,100
2217,Student_2217,86,81
2218,Student_2218,73,60
2219,Student_2219,61,63
2220,Student_2220,63,62
2221,Student_2221,86,87
2222,Student_2222,75,50
2223,Student_2223,66,66
2224,Student_2224,97,85
2225,Student_2225,69,97
2226,Student_2226,87,69
2227,Student_2227,64,81
2228,Student_2228,61,82
2229,Student_2229,50,74
2230,Student_2230,71,61
2231,Student_2231,88,88
2232,Student_2232,57,92
2233,Student_2233,89,81
2234,Student_2234,84,74
2235,Student_2235,96,55
2236,Student_2236,72,79
2237,Student_2237,77,69
2238,Student_2238,76,72
2239,Student_2239,82,95
2240,Student_2240,55,95
2241,Student_2241,59,95
2242,Student_2242,98,76
2243,Student_2243,79,74
2244,Student_2244,88,98
2245,Student_2245,81,53
2246,Student_2246,93,89
2247,Student_2247,71,97
2248,Student_2248,68,91
2249,Student_2249,60,53
2250,Student_2250,79,53
2251,Student_2251,54,57
2252,Student_2252,55,77
2253,Student_2253,98,73
2254,Student_2254,86,89
2255,Student_2255,99,75
2256,Student_2256,66,75
2257,Student_2257,60,73
2258,Student_2258,77,72
2259,Student_2259,77,89
2260,Student_2260,99,84
2261,Student_2261,66,56
2262,Student_2262,95,50
2263,Student_2263,66,51
2264,Student_2264,55,99
2265,Student_2265,58,67
2266,Student_2266,68,61
2267,Student_2267,80,84
2268,Student_2268,100,63
2269,Student_2269,94,76
2270,Student_2270,92,71
2271,Student_2271,71,82
2272,Student_2272,100,50
2273,Student_2273,86,59
2274,Student_2274,91,65
2275,Student_2275,69,91
2276,Student_2276,96,90
2277,Student_2277,59,52
2278,Student_2278,76,58
2279,Student_2279,64,51
2280,Student_2280,76,67
2281,Student_2281,63,92
2282,Student_2282,67,73
2283,Student_2283,61,88
2284,Student_2284,88,97
2285,Student_2285,73,89
2286,Student_2286,78,60
2287,Student_2287,86,53
2288,Student_2288,63,52
2289,Student_2289,68,97
2290,Student_2290,88,77
2291,Student_2291,52,96
2292,Student_2292,61,88
2293,Student_2293,88,53
2294,Student_2294,71,58
2295,Student_2295,82,86
2296,Student_2296,55,81
2297,Student_2297,87,84
2298,Student_2298,52,50
2299,Student_2299,77,100
2300,Student_2300,62,80
2301,Student_2301,67,80
2302,Student_2302,98,67
2303,Student_2303,57,82
2304,Student_2304,92,66
2305,Student_2305,88,95
2306,Student_2306,79,53
2307,Student_2307,85,100
2308,Student_2308,96,65
2309,Student_2309,91,56
2310,Student_2310,78,91
2311,Student_2311,61,54
2312,Student_2312,86,53
2313,Student_2313,69,89
2314,Student_2314,57,66
2315,Student_2315,84,90
2316,Student_2316,92,66
2317,Student_2317,51,81
2318,Student_2318,78,50
2319,Student_2319,56,69
2320,Student_2320,55,100
2321,Student_2321,84,60
2322,Student_2322,55,100
2323,Student_2323,87,87
2324,Student_2324,61,90
2325,Student_2325,53,57
2326,Student_2326,88,63
2327,Student_2327,76,78
2328,Student_2328,59,86
2329,Student_2329,92,65
2330,Student_2330,61,100
2331,Student_2331,77,50
2332,Student_2332,90,83
2333,Student_2333,71,78
2334,Student_2334,93,78
2335,Student_2335,70,97
2336,Student_2336,98,62
2337,Student_2337,94,61
2338,Student_2338,62,84
2339,Student_2339,99,81
2340,Student_2340,89,97
2341,Student_2341,98,97
2342,Student_2342,96,62
2343,Student_2343,72,94
2344,Student_2344,72,96
2345,Student_2345,55,50
2346,Student_2346,67,58
2347,Student_2347,91,62
2348,Student_2348,56,55
2349,Student_2349,66,79
2350,Student_2350,76,95
2351,Student_2351,74,53
2352,Student_2352,90,93
2353,Student_2353,92,62
2354,Student_2354,72,66
2355,Student_2355,63,54
2356,Student_2356,90,58
2357,Student_2357,72,71
2358,Student_2358,64,56
2359,Student_2359,79,99
2360,Student_2360,70,62
2361,Student_2361,96,81
2362,Student_2362,63,63
2363,Student_2363,100,87
2364,Student_2364,98,92
2365,Student_2365,86,83
2366,Student_2366,73,77
2367,Student_2367,50,64
2368,Student_2368,76,89
2369,Student_2369,95,69
2370,Student_2370,75,90
2371,Student_2371,74,60
2372,Student_2372,90,54
2373,Student_2373,68,84
2374,Student_2374,93,54
2375,Student_2375,81,67
2376,Student_2376,72,63
2377,Student_2377,62,86
2378,Student_2378,68,56
2379,Student_2379,88,83
2380,Student_2380,64,91
2381,Student_2381,63,50
2382,Student_2382,54,91
2383,Student_2383,66,71
2384,Student_2384,50,73
2385,Student_2385,53,79
2386,Student_2386,72,100
2387,Student_2387,70,91
2388,Student_2388,98,95
2389,Student_2389,88,57
2390,Student_2390,50,80
2391,Student_2391,51,82
2392,Student_2392,56,78
2393,Student_2393,67,89
2394,Student_2394,59,58
2395,Student_2395,53,98
2396,Student_2396,63,88
2397,Student_2397,85,55
2398,Student_2398,81,95
2399,Student_2399,64,54
2400,Student_2400,84,77
2401,Student_2401,65,71
2402,Student_2402,90,54
2403,Student_2403,51,58
2404,Student_2404,65,68
2405,Student_2405,69,98
2406,Student_2406,53,68
2407,Student_2407,92,80
2408,Student_2408,57,53
2409,Student_2409,62,73
2410,Student_2410,90,57
2411,Student_2411,85,53
2412,Student_2412,70,99
2413,Student_2413,82,52
2414,Student_2414,59,53
2415,Student_2415,89,68
2416,Student_2416,55,70
2417,Student_2417,76,53
2418,Student_2418,84,61
2419,Student_2419,82,94
2420,Student_2420,90,90
2421,Student_2421,73,50
2422,Student_2422,93,61
2423,Student_2423,70,68
2424,Student_2424,52,64
2425,Student_2425,51,72
2426,Student_2426,69,89
2427,Student_2427,69,67
2428,Student_2428,99,99
2429,Student_2429,58,74
2430,Student_2430,57,73
2431,Student_2431,77,90
2432,Student_2432,95,100
2433,Student_2433,72,76
2434,Student_2434,91,78
2435,Student_2435,63,69
2436,Student_2436,70,64
2437,Student_2437,58,95
2438,Student_2438,99,90
2439,Student_2439,77,96
2440,Student_2440,90,63
2441,Student_2441,79,77
2442,Student_2442,72,62
2443,Student_2443,85,97
2444,Student_2444,77,52
2445,Student_2445,67,58
2446,Student_2446,68,63
2447,Student_2447,57,68
2448,Student_2448,85,81
2449,Student_2449,78,91
2450,Student_2450,61,76
2451,Student_2451,89,84
2452,Student_2452,70,55
2453,Student_2453,70,78
2454,Student_2454,76,52
2455,Student_2455,72,85
2456,Student_2456,71,99
2457,Student_2457,60,78
2458,Student_2458,88,78
2459,Student_2459,99,50
2460,Student_2460,73,53
2461,Student_2461,60,79
2462,Student_2462,52,74
2463,Student_2463,91,59
2464,Student_2464,98,84
2465,Student_2465,59,95
2466,Student_2466,88,91
2467,Student_2467,94,62
2468,Student_2468,76,72
2469,Student_2469,82,92
2470,Student_2470,73,64
2471,Student_2471,77,56
2472,Student_2472,96,57
2473,Student_2473,56,60
2474,Student_2474,74,74
2475,Student_2475,62,87
2476,Student_2476,86,68
2477,Student_2477,75,72
2478,Student_2478,62,61
2479,Student_2479,68,50
2480,Student_2480,76,89
2481,Student_2481,77,52
2482,Student_2482,99,86
2483,Student_2483,97,77
2484,Student_2484,73,76
2485,Student_2485,58,67
2486,Student_2486,60,54
2487,Student_2487,65,83
2488,Student_2488,94,70
2489,Student_2489,79,96
2490,Student_2490,71,78
2491,Student_2491,98,64
2492,Student_2492,95,79
2493,Student_2493,89,86
2494,Student_2494,93,63
2495,Student_2495,54,69
2496,Student_2496,82,90
2497,Student_2497,62,55
2498,Student_2498,90,65
2499,Student_2499,83,64
2500,Student_2500,80,75
2501,Student_2501,50,90
2502,Student_2502,90,53
2503,Student_2503,61,95
2504,Student_2504,68,55
2505,Student_2505,67,90
2506,Student_2506,52,54
2507,Student_2507,53,55
2508,Student_2508,99,76
2509,Student_2509,68,60
2510,Student_2510,86,64
2511,Student_2511,54,54
2512,Student_2512,67,59
2513,Student_2513,64,76
2514,Student_2514,100,89
2515,Student_2515,75,68
2516,Student_2516,62,69
2517,Student_2517,95,66
2518,Student_2518,78,62
2519,Student_2519,73,55
2520,Student_2520,68,96
2521,Student_2521,94,74
2522,Student_2522,89,50
2523,Student_2523,51,82
2524,Student_2524,62,64
2525,Student_2525,78,65
2526,Student_2526,66,52
2527,Student_2527,67,52
2528,Student_2528,96,67
2529,Student_2529,58,73
2530,Student_2530,76,92
2531,Student_2531,57,72
2532,Student_2532,60,87
2533,Student_2533,83,88
2534,Student_2534,80,92
2535,Student_2535,59,99
2536,Student_2536,83,89
2537,Student_2537,77,71
2538,Student_2538,85,76
2539,Student_2539,69,54
2540,Student_2540,61,65
2541,Student_2541,74,89
2542,Student_2542,83,89
2543,Student_2543,82,78
2544,Student_2544,63,59
2545,Student_2545,91,87
2546,Student_2546,96,97
2547,Student_2547,56,63
2548,Student_2548,98,100
2549,Student_2549,72,59
2550,Student_2550,83,83
2551,Student_2551,73,97
2552,Student_2552,94,91
2553,Student_2553,50,59
2554,Student_2554,91,73
2555,Student_2555,81,96
2556,Student_2556,71,65
2557,Student_2557,54,93
2558,Student_2558,93,58
2559,Student_2559,67,76
2560,Student_2560,91,58
2561,Student_2561,90,92
2562,Student_2562,92,55
2563,Student_2563,87,78
2564,Student_2564,81,64
2565,Student_2565,66,96
2566,Student_2566,52,99
2567,Student_2567,71,60
2568,Student_2568,79,71
2569,Student_2569,70,73
2570,Student_2570,93,59
2571,Student_2571,84,74
2572,Student_2572,60,90
2573,Student_2573,56,63
2574,Student_2574,64,51
2575,Student_2575,83,100
2576,Student_2576,59,92
2577,Student_2577,69,68
2578,Student_2578,76,82
2579,Student_2579,71,89
2580,Student_2580,50,99
2581,Student_2581,86,70
2582,Student_2582,66,67
2583,Student_2583,56,50
2584,Student_2584,85,52
2585,Student_2585,99,88
2586,Student_2586,82,86
2587,Student_2587,81,83
2588,Student_2588,97,59
2589,Student_2589,66,88
2590,Student_2590,66,96
2591,Student_2591,54,78
2592,Student_2592,90,95
2593,Student_2593,75,96
2594,Student_2594,95,81
2595,Student_2595,51,88
2596,Student_2596,79,97
2597,Student_2597,77,85
2598,Student_2598,74,57
2599,Student_2599,95,82
2600,Student_2600,95,97
2601,Student_2601,82,91
2602,Student_2602,60,89
2603,Student_2603,81,52
2604,Student_2604,89,71
2605,Student_2605,59,67
2606,Student_2606,98,80
2607,Student_2607,90,72
2608,Student_2608,76,83
2609,Student_2609,84,53
2610,Student_2610,51,60
2611,Student_2611,56,80
2612,Student_2612,89,77
2613,Student_2613,69,51
2614,Student_2614,77,86
2615,Student_2615,89,76
2616,Student_2616,89,63
2617,Student_2617,71,82
2618,Student_2618,83,62
2619,Student_2619,93,67
2620,Student_2620,97,92
2621,Student_2621,74,65
2622,Student_2622,71,90
2623,Student_2623,82,50
2624,Student_2624,56,58
2625,Student_2625,92,71
2626,Student_2626,94,64
2627,Student_2627,75,90
2628,Student_2628,85,71
2629,Student_2629,70,85
2630,Student_2630,59,73
2631,Student_2631,78,65
2632,Student_2632,55,97
2633,Student_2633,100,53
2634,Student_2634,76,55
2635,Student_2635,52,90
2636,Student_2636,78,52
2637,Student_2637,97,51
2638,Student_2638,88,62
2639,Student_2639,90,55
2640,Student_2640,50,71
2641,Student_2641,68,83
2642,Student_2642,57,88
2643,Student_2643,61,88
2644,Student_2644,100,81
2645,Student_2645,53,98
2646,Student_2646,82,63
2647,Student_2647,52,55
2648,Student_2648,60,53
2649,Student_2649,52,56
2650,Student_2650,72,81
2651,Student_2651,53,87
2652,Student_2652,65,86
2653,Student_2653,100,81
2654,Student_2654,92,57
2655,Student_2655,92,59
2656,Student_2656,93,56
2657,Student_2657,57,83
2658,Student_2658,72,82
2659,Student_2659,68,67
2660,Student_2660,99,50
2661,Student_2661,82,77
2662,Student_2662,81,98
2663,Student_2663,50,96
2664,Student_2664,83,83
2665,Student_2665,92,81
2666,Student_2666,73,86
2667,Student_2667,67,61
2668,Student_2668,50,88
2669,Student_2669,63,86
2670,Student_2670,95,66
2671,Student_2671,70,50
2672,Student_2672,98,93
2673,Student_2673,82,73
2674,Student_2674,76,55
2675,Student_2675,70,50
2676,Student_2676,59,56
2677,Student_2677,70,99
2678,Student_2678,61,71
2679,Student_2679,89,80
2680,Student_2680,80,91
2681,Student_2681,99,97
2682,Student_2682,57,69
2683,Student_2683,87,87
2684,Student_2684,89,61
2685,Student_2685,63,55
2686,Student_2686,56,92
2687,Student_2687,81,55
2688,Student_2688,88,84
2689,Student_2689,75,56
2690,Student_2690,92,97
2691,Student_2691,63,55
2692,Student_2692,99,79
2693,Student_2693,68,95
2694,Student_2694,98,54
2695,Student_2695,56,95
2696,Student_2696,87,78
2697,Student_2697,72,99
2698,Student_2698,55,76
2699,Student_2699,64,95
2700,Student_2700,52,94
2701,Student_2701,83,75
2702,Student_2702,76,97
2703,Student_2703,74,51
2704,Student_2704,78,55
2705,Student_2705,99,84
2706,Student_2706,85,51
2707,Student_2707,56,58
2708,Student_2708,53,85
2709,Student_2709,99,94
2710,Student_2710,98,51
2711,Student_2711,80,84
2712,Student_2712,68,83
2713,Student_2713,98,97
2714,Student_2714,85,81
2715,Student_2715,76,54
2716,Student_2716,67,55
2717,Student_2717,73,73
2718,Student_2718,65,92
2719,Student_2719,53,93
2720,Student_2720,64,59
2721,Student_2721,89,92
2722,Student_2722,71,55
2723,Student_2723,80,52
2724,Student_2724,63,68
2725,Student_2725,88,52
2726,Student_2726,90,77
2727,Student_2727,51,74
2728,Student_2728,53,61
2729,Student_2729,79,83
2730,Student_2730,80,93
2731,Student_2731,78,81
2732,Student_2732,53,91
2733,Student_2733,55,62
2734,Student_2734,91,58
2735,Student_2735,70,73
2736,Student_2736,84,74
2737,Student_2737,55,74
2738,Student_2738,83,68
2739,Student_2739,61,79
2740,Student_2740,60,51
2741,Student_2741,80,51
2742,Student_2742,88,98
2743,Student_2743,93,89
2744,Student_2744,50,76
2745,Student_2745,90,96
2746,Student_2746,99,87
2747,Student_2747,55,95
2748,Student_2748,100,59
2749,Student_2749,79,52
2750,Student_2750,96,51
2751,Student_2751,64,78
2752,Student_2752,56,77
2753,Student_2753,80,62
2754,Student_2754,85,64
2755,Student_2755,78,69
2756,Student_2756,95,61
2757,Student_2757,83,67
2758,Student_2758,86,70
2759,Student_2759,70,90
2760,Student_2760,85,75
2761,Student_2761,76,73
2762,Student_2762,73,77
2763,Student_2763,100,79
2764,Student_2764,92,92
2765,Student_2765,68,62
2766,Student_2766,63,88
2767,Student_2767,71,61
2768,Student_2768,55,98
2769,Student_2769,53,89
2770,Student_2770,56,64
2771,Student_2771,86,52
2772,Student_2772,78,76
2773,Student_2773,54,57
2774,Student_2774,66,68
2775,Student_2775,87,71
2776,Student_2776,72,79
2777,Student_2777,65,84
2778,Student_2778,56,51
2779,Student_2779,95,55
2780,Student_2780,76,100
2781,Student_2781,91,82
2782,Student_2782,75,93
2783,Student_2783,66,79
2784,Student_2784,69,100
2785,Student_2785,92,96
2786,Student_2786,86,57
2787,Student_2787,72,84
2788,Student_2788,92,99
2789,Student_2789,53,52
2790,Student_2790,53,94
2791,Student_2791,91,96
2792,Student_2792,87,81
2793,Student_2793,90,63
2794,Student_2794,51,89
2795,Student_2795,77,73
2796,Student_2796,99,82
2797,Student_2797,87,96
2798,Student_2798,89,78
2799,Student_2799,98,56
2800,Student_2800,68,65
2801,Student_2801,72,61
2802,Student_2802,89,73
2803,Student_2803,69,82
2804,Student_2804,63,95
2805,Student_2805,59,87
2806,Student_2806,59,96
2807,Student_2807,83,95
2808,Student_2808,85,56
2809,Student_2809,66,100
2810,Student_2810,65,79
2811,Student_2811,84,51
2812,Student_2812,57,71
2813,Student_2813,61,95
2814,Student_2814,95,70
2815,Student_2815,88,69
2816,Student_2816,58,89
2817,Student_2817,82,71
2818,Student_2818,78,98
2819,Student_2819,55,80
2820,Student_2820,54,95
2821,Student_2821,94,65
2822,Student_2822,82,50
2823,Student_2823,79,83
2824,Student_2824,98,58
2825,Student_2825,69,61
2826,Student_2826,80,86
2827,Student_2827,55,97
2828,Student_2828,63,88
2829,Student_2829,86,72
2830,Student_2830,84,67
2831,Student_2831,72,96
2832,Student_2832,97,54
2833,Student_2833,82,52
2834,Student_2834,55,85
2835,Student_2835,99,60
2836,Student_2836,65,75
2837,Student_2837,60,55
2838,Student_2838,86,92
2839,Student_2839,85,90
2840,Student_2840,62,77
2841,Student_2841,55,51
2842,Student_2842,60,56
2843,Student_2843,89,50
2844,Student_2844,59,72
2845,Student_2845,99,89
2846,Student_2846,74,88
2847,Student_2847,68,89
2848,Student_2848,50,95
2849,Student_2849,79,99
2850,Student_2850,65,66
2851,Student_2851,66,79
2852,Student_2852,97,74
2853,Student_2853,94,56
2854,Student_2854,81,82
2855,Student_2855,61,81
2856,Student_2856,81,58
2857,Student_2857,73,99
2858,Student_2858,82,95
2859,Student_2859,91,85
2860,Student_2860,100,71
2861,Student_2861,82,65
2862,Student_2862,96,76
2863,Student_2863,96,96
2864,Student_2864,82,70
2865,Student_2865,61,69
2866,Student_2866,83,84
2867,Student_2867,54,76
2868,Student_2868,78,97
2869,Student_2869,72,85
2870,Student_2870,53,99
2871,Student_2871,61,98
2872,Student_2872,87,63
2873,Student_2873,92,64
2874,Student_2874,74,79
2875,Student_2875,76,53
2876,Student_2876,64,62
2877,Student_2877,70,87
2878,Student_2878,94,56
2879,Student_2879,61,61
2880,Student_2880,89,63
2881,Student_2881,83,53
2882,Student_2882,63,97
2883,Student_2883,56,76
2884,Student_2884,56,56
2885,Student_2885,80,53
2886,Student_2886,94,70
2887,Student_2887,78,52
2888,Student_2888,90,85
2889,Student_2889,66,74
2890,Student_2890,79,91
2891,Student_2891,65,51
2892,Student_2892,83,76
2893,Student_2893,81,86
2894,Student_2894,74,57
2895,Student_2895,62,96
2896,Student_2896,72,54
2897,Student_2897,51,69
2898,Student_2898,59,97
2899,Student_2899,78,54
2900,Student_2900,89,57
2901,Student_2901,66,78
2902,Student_2902,90,66
2903,Student_2903,65,75
2904,Student_2904,59,88
2905,Student_2905,84,60
2906,Student_2906,84,60
2907,Student_2907,53,97
2908,Student_2908,73,99
2909,Student_2909,84,84
2910,Student_2910,88,50
2911,Student_2911,84,61
2912,Student_2912,67,88
2913,Student_2913,82,69
2914,Student_2914,95,71
2915,Student_2915,64,81
2916,Student_2916,99,83
2917,Student_2917,71,61
2918,Student_2918,80,80
2919,Student_2919,93,61
2920,Student_2920,88,97
2921,Student_2921,85,78
2922,Student_2922,90,51
2923,Student_2923,92,83
2924,Student_2924,65,88
2925,Student_2925,60,89
2926,Student_2926,96,100
2927,Student_2927,57,71
2928,Student_2928,97,68
2929,Student_2929,52,79
2930,Student_2930,88,78
2931,Student_2931,81,71
2932,Student_2932,51,100
2933,Student_2933,65,56
2934,Student_2934,77,99
2935,Student_2935,67,86
2936,Student_2936,93,67
2937,Student_2937,73,56
2938,Student_2938,62,95
2939,Student_2939,100,65
2940,Student_2940,66,90
2941,Student_2941,92,85
2942,Student_2942,50,55
2943,Student_2943,50,64
2944,Student_2944,69,50
2945,Student_2945,96,75
2946,Student_2946,79,74
2947,Student_2947,65,94
2948,Student_2948,57,99
2949,Student_2949,58,85
2950,Student_2950,53,52
2951,Student_2951,63,83
2952,Student_2952,99,68
2953,Student_2953,51,72
2954,Student_2954,57,58
2955,Student_2955,78,94
2956,Student_2956,61,95
2957,Student_2957,95,79
2958,Student_2958,98,78
2959,Student_2959,79,73
2960,Student_2960,92,70
2961,Student_2961,71,51
2962,Student_2962,75,56
2963,Student_2963,92,52
2964,Student_2964,58,84
2965,Student_2965,51,83
2966,Student_2966,91,89
2967,Student_2967,89,68
2968,Student_2968,88,94
2969,Student_2969,92,91
2970,Student_2970,70,85
2971,Student_2971,98,50
2972,Student_2972,89,69
2973,Student_2973,52,71
2974,Student_2974,69,78
2975,Student_2975,72,85
2976,Student_2976,50,61
2977,Student_2977,88,95
2978,Student_2978,76,99
2979,Student_2979,90,72
2980,Student_2980,94,61
2981,Student_2981,93,53
2982,Student_2982,83,55
2983,Student_2983,92,98
2984,Student_2984,73,89
2985,Student_2985,96,51
2986,Student_2986,78,95
2987,Student_2987,89,97
2988,Student_2988,52,97
2989,Student_2989,65,99
2990,Student_2990,63,98
2991,Student_2991,70,77
2992,Student_2992,97,62
2993,Student_2993,64,66
2994,Student_2994,99,88
2995,Student_2995,77,74
2996,Student_2996,86,91
2997,Student_2997,71,62
2998,Student_2998,55,74
2999,Student_2999,98,62
3000,Student_3000,71,51
3001,Student_3001,57,56
3002,Student_3002,60,53
3003,Student_3003,91,78
3004,Student_3004,54,60
3005,Student_3005,90,67
3006,Student_3006,55,93
3007,Student_3007,91,59
3008,Student_3008,70,60
3009,Student_3009,89,65
3010,Student_3010,96,50
3011,Student_3011,86,59
3012,Student_3012,65,79
3013,Student_3013,50,50
3014,Student_3014,72,65
3015,Student_3015,76,81
3016,Student_3016,78,85
3017,Student_3017,63,90
3018,Student_3018,54,90
3019,Student_3019,64,56
3020,Student_3020,78,78
3021,Student_3021,59,62
3022,Student_3022,84,65
3023,Student_3023,57,72
3024,Student_3024,62,65
3025,Student_3025,56,90
3026,Student_3026,54,52
3027,Student_3027,61,54
3028,Student_3028,54,77
3029,Student_3029,77,99
3030,Student_3030,83,100
3031,Student_3031,93,78
3032,Student_3032,80,60
3033,Student_3033,60,94
3034,Student_3034,93,98
3035,Student_3035,93,77
3036,Student_3036,53,85
3037,Student_3037,79,51
3038,Student_3038,73,68
3039,Student_3039,86,61
3040,Student_3040,82,72
3041,Student_3041,83,98
3042,Student_3042,68,98
3043,Student_3043,80,51
3044,Student_3044,53,91
3045,Student_3045,51,74
3046,Student_3046,51,74
3047,Student_3047,59,91
3048,Student_3048,55,94
3049,Student_3049,89,82
3050,Student_3050,87,78
3051,Student_3051,99,74
3052,Student_3052,58,55
3053,Student_3053,52,58
3054,Student_3054,69,76
3055,Student_3055,77,85
3056,Student_3056,89,90
3057,Student_3057,63,90
3058,Student_3058,54,83
3059,Student_3059,88,91
3060,Student_3060,96,80
3061,Student_3061,86,81
3062,Student_3062,56,98
3063,Student_3063,50,85
3064,Student_3064,88,85
3065,Student_3065,91,60
3066,Student_3066,87,62
3067,Student_3067,74,77
3068,Student_3068,60,57
3069,Student_3069,66,51
3070,Student_3070,71,77
3071,Student_3071,64,82
3072,Student_3072,90,59
3073,Student_3073,96,72
3074,Student_3074,62,84
3075,Student_3075,69,61
3076,Student_3076,69,55
3077,Student_3077,84,68
3078,Student_3078,98,85
3079,Student_3079,99,71
3080,Student_3080,82,56
3081,Student_3081,73,67
3082,Student_3082,80,72
3083,Student_3083,52,86
3084,Student_3084,73,68
3085,Student_3085,69,78
3086,Student_3086,96,50
3087,Student_3087,63,72
3088,Student_3088,72,85
3089,Student_3089,61,54
3090,Student_3090,65,78
3091,Student_3091,97,69
3092,Student_3092,99,54
3093,Student_3093,73,53
3094,Student_3094,86,62
3095,Student_3095,72,95
3096,Student_3096,67,51
3097,Student_3097,71,98
3098,Student_3098,84,63
3099,Student_3099,54,85
3100,Student_3100,70,95
3101,Student_3101,69,68
3102,Student_3102,81,75
3103,Student_3103,62,89
3104,Student_3104,96,65
3105,Student_3105,60,77
3106,Student_3106,88,95
3107,Student_3107,72,65
3108,Student_3108,61,79
3109,Student_3109,76,90
3110,Student_3110,83,93
3111,Student_3111,53,74
3112,Student_3112,80,65
3113,Student_3113,63,80
3114,Student_3114,50,50
3115,Student_3115,90,60
3116,Student_3116,81,72
3117,Student_3117,81,83
3118,Student_3118,93,57
3119,Student_3119,78,86
3120,Student_3120,87,72
3121,Student_3121,54,98
3122,Student_3122,81,86
3123,Student_3123,81,54
3124,Student_3124,71,53
3125,Student_3125,77,86
3126,Student_3126,86,77
3127,Student_3127,64,60
3128,Student_3128,66,86
3129,Student_3129,84,83
3130,Student_3130,81,70
3131,Student_3131,89,85
3132,Student_3132,100,89
3133,Student_3133,75,58
3134,Student_3134,72,77
3135,Student_3135,58,73
3136,Student_3136,92,94
3137,Student_3137,55,57
3138,Student_3138,80,80
3139,Student_3139,71,79
3140,Student_3140,70,53
3141,Student_3141,98,59
3142,Student_3142,97,97
3143,Student_3143,98,50
3144,Student_3144,98,64
3145,Student_3145,98,83
3146,Student_3146,83,70
3147,Student_3147,82,97
3148,Student_3148,97,69
3149,Student_3149,82,90
3150,Student_3150,93,59
3151,Student_3151,58,76
3152,Student_3152,58,77
3153,Student_3153,67,56
3154,Student_3154,73,100
3155,Student_3155,73,56
3156,Student_3156,75,94
3157,Student_3157,92,94
3158,Student_3158,77,66
3159,Student_3159,53,79
3160,Student_3160,56,57
3161,Student_3161,97,64
3162,Student_3162,58,71
3163,Student_3163,90,63
3164,Student_3164,64,93
3165,Student_3165,63,96
3166,Student_3166,95,85
3167,Student_3167,96,98
3168,Student_3168,57,86
3169,Student_3169,80,52
3170,Student_3170,63,57
3171,Student_3171,89,88
3172,Student_3172,91,82
3173,Student_3173,84,51
3174,Student_3174,77,61
3175,Student_3175,82,79
3176,Student_3176,81,60
3177,Student_3177,58,84
3178,Student_3178,67,63
3179,Student_3179,81,89
3180,Student_3180,71,97
3181,Student_3181,98,95
3182,Student_3182,56,90
3183,Student_3183,63,92
3184,Student_3184,62,50
3185,Student_3185,66,62
3186,Student_3186,96,91
3187,Student_3187,89,87
3188,Student_3188,91,67
3189,Student_3189,53,64
3190,Student_3190,58,78
3191,Student_3191,66,87
3192,Student_3192,90,99
3193,Student_3193,51,70
3194,Student_3194,51,53
3195,Student_3195,53,75
3196,Student_3196,82,73
3197,Student_3197,50,97
3198,Student_3198,64,65
3199,Student_3199,79,66
3200,Student_3200,95,73
3201,Student_3201,52,81
3202,Student_3202,82,93
3203,Student_3203,98,96
3204,Student_3204,61,89
3205,Student_3205,55,87
3206,Student_3206,76,76
3207,Student_3207,96,71
3208,Student_3208,77,100
3209,Student_3209,51,71
3210,Student_3210,87,94
3211,Student_3211,80,70
3212,Student_3212,55,50
3213,Student_3213,60,69
3214,Student_3214,90,52
3215,Student_3215,68,100
3216,Student_3216,84,87
3217,Student_3217,56,81
3218,Student_3218,88,64
3219,Student_3219,81,65
3220,Student_3220,68,55
3221,Student_3221,65,70
3222,Student_3222,71,68
3223,Student_3223,86,62
3224,Student_3224,79,99
3225,Student_3225,86,56
3226,Student_3226,92,91
3227,Student_3227,60,58
3228,Student_3228,59,83
3229,Student_3229,55,69
3230,Student_3230,94,93
3231,Student_3231,51,64
3232,Student_3232,82,80
3233,Student_3233,77,85
3234,Student_3234,51,62
3235,Student_3235,80,54
3236,Student_3236,72,83
3237,Student_3237,63,74
3238,Student_3238,74,94
3239,Student_3239,82,62
3240,Student_3240,64,89
3241,Student_3241,65,63
3242,Student_3242,89,95
3243,Student_3243,90,98
3244,Student_3244,55,54
3245,Student_3245,53,90
3246,Student_3246,84,67
3247,Student_3247,62,53
3248,Student_3248,59,90
3249,Student_3249,91,94
3250,Student_3250,100,62
3251,Student_3251,91,55
3252,Student_3252,79,76
3253,Student_3253,96,94
3254,Student_3254,97,76
3255,Student_3255,77,96
3256,Student_3256,59,53
3257,Student_3257,77,77
3258,Student_3258,90,73
3259,Student_3259,76,76
3260,Student_3260,60,89
3261,Student_3261,88,54
3262,Student_3262,63,71
3263,Student_3263,82,65
3264,Student_3264,89,82
3265,Student_3265,81,72
3266,Student_3266,82,99
3267,Student_3267,77,88
3268,Student_3268,58,67
3269,Student_3269,78,51
3270,Student_3270,64,91
3271,Student_3271,58,97
3272,Student_3272,57,95
3273,Student_3273,70,99
3274,Student_3274,74,82
3275,Student_3275,98,77
3276,Student_3276,89,97
3277,Student_3277,51,91
3278,Student_3278,82,86
3279,Student_3279,59,91
3280,Student_3280,54,91
3281,Student_3281,80,94
3282,Student_3282,53,84
3283,Student_3283,54,81
3284,Student_3284,83,51
3285,Student_3285,60,100
3286,Student_3286,58,93
3287,Student_3287,53,54
3288,Student_3288,89,90
3289,Student_3289,79,89
3290,Student_3290,52,96
3291,Student_3291,74,81
3292,Student_3292,57,93
3293,Student_3293,59,53
3294,Student_3294,100,96
3295,Student_3295,76,55
3296,Student_3296,61,52
3297,Student_3297,74,80
3298,Student_3298,59,93
3299,Student_3299,92,99
3300,Student_3300,71,90
3301,Student_3301,71,93
3302,Student_3302,80,83
3303,Student_3303,96,82
3304,Student_3304,79,55
3305,Student_3305,75,61
3306,Student_3306,98,68
3307,Student_3307,71,83
3308,Student_3308,100,75
3309,Student_3309,63,76
3310,Student_3310,50,65
3311,Student_3311,94,73
3312,Student_3312,89,60
3313,Student_3313,63,67
3314,Student_3314,69,52
3315,Student_3315,93,51
3316,Student_3316,64,93
3317,Student_3317,95,88
3318,Student_3318,84,79
3319,Student_3319,92,54
3320,Student_3320,86,92
3321,Student_3321,98,82
3322,Student_3322,96,79
3323,Student_3323,94,58
3324,Student_3324,67,73
3325,Student_3325,85,81
3326,Student_3326,90,80
3327,Student_3327,76,89
3328,Student_3328,99,73
3329,Student_3329,59,93
3330,Student_3330,67,71
3331,Student_3331,74,85
3332,Student_3332,79,54
3333,Student_3333,68,99
3334,Student_3334,75,67
3335,Student_3335,91,53
3336,Student_3336,96,82
3337,Student_3337,96,58
3338,Student_3338,88,92
3339,Student_3339,87,79
3340,Student_3340,91,84
3341,Student_3341,100,50
3342,Student_3342,62,88
3343,Student_3343,65,73
3344,Student_3344,67,77
3345,Student_3345,82,97
3346,Student_3346,52,66
3347,Student_3347,95,79
3348,Student_3348,91,59
3349,Student_3349,82,67
3350,Student_3350,68,79
3351,Student_3351,55,72
3352,Student_3352,50,50
3353,Student_3353,65,51
3354,Student_3354,64,55
3355,Student_3355,55,66
3356,Student_3356,86,54
3357,Student_3357,96,56
3358,Student_3358,97,98
3359,Student_3359,98,54
3360,Student_3360,70,94
3361,Student_3361,55,51
3362,Student_3362,83,98
3363,Student_3363,75,78
3364,Student_3364,84,94
3365,Student_3365,92,84
3366,Student_3366,54,92
3367,Student_3367,67,99
3368,Student_3368,87,66
3369,Student_3369,74,77
3370,Student_3370,80,74
3371,Student_3371,71,73
3372,Student_3372,94,71
3373,Student_3373,62,99
3374,Student_3374,96,84
3375,Student_3375,90,51
3376,Student_3376,65,77
3377,Student_3377,92,99
3378,Student_3378,69,96
3379,Student_3379,90,83
3380,Student_3380,59,61
3381,Student_3381,72,76
3382,Student_3382,61,95
3383,Student_3383,91,74
3384,Student_3384,69,73
3385,Student_3385,67,82
3386,Student_3386,54,76
3387,Student_3387,86,68
3388,Student_3388,85,96
3389,Student_3389,91,84
3390,Student_3390,70,92
3391,Student_3391,88,85
3392,Student_3392,50,88
3393,Student_3393,51,96
3394,Student_3394,98,54
3395,Student_3395,75,86
3396,Student_3396,50,66
3397,Student_3397,79,53
3398,Student_3398,92,76
3399,Student_3399,67,58
3400,Student_3400,51,74
3401,Student_3401,68,86
3402,Student_3402,58,55
3403,Student_3403,80,70
3404,Student_3404,64,59
3405,Student_3405,60,54
3406,Student_3406,92,64
3407,Student_3407,68,94
3408,Student_3408,70,78
3409,Student_3409,84,65
3410,Student_3410,55,74
3411,Student_3411,64,92
3412,Student_3412,90,53
3413,Student_3413,91,84
3414,Student_3414,98,98
3415,Student_3415,83,55
3416,Student_3416,81,52
3417,Student_3417,84,94
3418,Student_3418,61,73
3419,Student_3419,79,59
3420,Student_3420,84,65
3421,Student_3421,98,53
3422,Student_3422,57,89
3423,Student_3423,95,91
3424,Student_3424,84,81
3425,Student_3425,69,61
3426,Student_3426,78,66
3427,Student_3427,58,76
3428,Student_3428,59,77
3429,Student_3429,92,50
3430,Student_3430,99,80
3431,Student_3431,95,82
3432,Student_3432,99,55
3433,Student_3433,87,86
3434,Student_3434,76,63
3435,Student_3435,66,83
3436,Student_3436,56,97
3437,Student_3437,90,83
3438,Student_3438,81,89
3439,Student_3439,55,87
3440,Student_3440,98,98
3441,Student_3441,80,97
3442,Student_3442,77,88
3443,Student_3443,66,99
3444,Student_3444,87,60
3445,Student_3445,56,93
3446,Student_3446,91,52
3447,Student_3447,55,83
3448,Student_3448,83,81
3449,Student_3449,95,59
3450,Student_3450,78,80
3451,Student_3451,59,57
3452,Student_3452,79,97
3453,Student_3453,97,59
3454,Student_3454,66,50
3455,Student_3455,66,68
3456,Student_3456,54,56
3457,Student_3457,92,53
3458,Student_3458,86,68
3459,Student_3459,53,97
3460,Student_3460,80,95
3461,Student_3461,76,95
3462,Student_3462,94,78
3463,Student_3463,55,75
3464,Student_3464,74,70
3465,Student_3465,69,99
3466,Student_3466,87,93
3467,Student_3467,100,90
3468,Student_3468,58,68
3469,Student_3469,83,55
3470,Student_3470,86,89
3471,Student_3471,67,60
3472,Student_3472,69,73
3473,Student_3473,69,79
3474,Student_3474,92,54
3475,Student_3475,82,63
3476,Student_3476,57,84
3477,Student_3477,63,92
3478,Student_3478,97,73
3479,Student_3479,73,87
3480,Student_3480,81,96
3481,Student_3481,66,81
3482,Student_3482,73,79
3483,Student_3483,76,77
3484,Student_3484,56,63
3485,Student_3485,72,77
3486,Student_3486,75,85
3487,Student_3487,57,54
3488,Student_3488,93,76
3489,Student_3489,82,55
3490,Student_3490,52,70
3491,Student_3491,88,65
3492,Student_3492,53,79
3493,Student_3493,62,95
3494,Student_3494,91,88
3495,Student_3495,55,91
3496,Student_3496,53,70
3497,Student_3497,68,79
3498,Student_3498,68,81
3499,Student_3499,81,66
3500,Student_3500,55,96
3501,Student_3501,81,57
3502,Student_3502,91,66
3503,Student_3503,70,61
3504,Student_3504,97,92
3505,Student_3505,59,57
3506,Student_3506,83,52
3507,Student_3507,51,69
3508,Student_3508,60,63
3509,Student_3509,81,81
3510,Student_3510,55,80
3511,Student_3511,72,73
3512,Student_3512,89,54
3513,Student_3513,66,58
3514,Student_3514,63,81
3515,Student_3515,66,96
3516,Student_3516,94,79
3517,Student_3517,52,73
3518,Student_3518,77,60
3519,Student_3519,81,55
3520,Student_3520,51,80
3521,Student_3521,97,64
3522,Student_3522,52,78
3523,Student_3523,56,67
3524,Student_3524,76,79
3525,Student_3525,96,72
3526,Student_3526,78,60
3527,Student_3527,77,66
3528,Student_3528,96,99
3529,Student_3529,71,91
3530,Student_3530,88,77
3531,Student_3531,88,97
3532,Student_3532,92,90
3533,Student_3533,58,64
3534,Student_3534,92,100
3535,Student_3535,100,86
3536,Student_3536,70,94
3537,Student_3537,55,97
3538,Student_3538,53,94
3539,Student_3539,81,77
3540,Student_3540,51,60
3541,Student_3541,96,79
3542,Student_3542,86,85
3543,Student_3543,78,82
3544,Student_3544,83,92
3545,Student_3545,75,88
3546,Student_3546,69,98
3547,Student_3547,72,93
3548,Student_3548,85,50
3549,Student_3549,90,90
3550,Student_3550,75,81
3551,Student_3551,73,82
3552,Student_3552,100,57
3553,Student_3553,73,68
3554,Student_3554,68,89
3555,Student_3555,98,52
3556,Student_3556,52,51
3557,Student_3557,97,64
3558,Student_3558,93,89
3559,Student_3559,68,60
3560,Student_3560,58,71
3561,Student_3561,97,64
3562,Student_3562,85,88
3563,Student_3563,65,74
3564,Student_3564,58,89
3565,Student_3565,78,85
3566,Student_3566,99,77
3567,Student_3567,77,61
3568,Student_3568,61,65
3569,Student_3569,60,65
3570,Student_3570,92,79
3571,Student_3571,96,64
3572,Student_3572,73,61
3573,Student_3573,97,94
3574,Student_3574,72,96
3575,Student_3575,99,62
3576,Student_3576,91,89
3577,Student_3577,100,79
3578,Student_3578,68,54
3579,Student_3579,72,66
3580,Student_3580,57,63
3581,Student_3581,90,72
3582,Student_3582,99,86
3583,Student_3583,82,94
3584,Student_3584,96,80
3585,Student_3585,98,66
3586,Student_3586,66,90
3587,Student_3587,84,75
3588,Student_3588,73,99
3589,Student_3589,86,50
3590,Student_3590,90,70
3591,Student_3591,82,81
3592,Student_3592,100,73
3593,Student_3593,55,96
3594,Student_3594,87,93
3595,Student_3595,77,71
3596,Student_3596,82,51
3597,Student_3597,76,71
3598,Student_3598,75,99
3599,Student_3599,70,52
3600,Student_3600,53,78
3601,Student_3601,56,95
3602,Student_3602,95,58
3603,Student_3603,87,71
3604,Student_3604,57,91
3605,Student_3605,50,59
3606,Student_3606,72,55
3607,Student_3607,86,69
3608,Student_3608,66,76
3609,Student_3609,83,91
3610,Student_3610,56,82
3611,Student_3611,78,62
3612,Student_3612,64,63
3613,Student_3613,100,53
3614,Student_3614,51,65
3615,Student_3615,91,71
3616,Student_3616,90,59
3617,Student_3617,85,81
3618,Student_3618,96,94
3619,Student_3619,100,60
3620,Student_3620,97,72
3621,Student_3621,70,74
3622,Student_3622,70,52
3623,Student_3623,90,72
3624,Student_3624,85,64
3625,Student_3625,87,62
3626,Student_3626,93,77
3627,Student_3627,58,56
3628,Student_3628,61,71
3629,Student_3629,55,50
3630,Student_3630,75,72
3631,Student_3631,87,61
3632,Student_3632,59,75
3633,Student_3633,91,70
3634,Student_3634,100,89
3635,Student_3635,95,57
3636,Student_3636,82,82
3637,Student_3637,66,63
3638,Student_3638,73,68
3639,Student_3639,89,67
3640,Student_3640,96,62
3641,Student_3641,92,62
3642,Student_3642,77,53
3643,Student_3643,95,78
3644,Student_3644,89,99
3645,Student_3645,87,53
3646,Student_3646,97,66
3647,Student_3647,54,89
3648,Student_3648,63,70
3649,Student_3649,96,67
3650,Student_3650,68,78
3651,Student_3651,59,87
3652,Student_3652,66,67
3653,Student_3653,85,93
3654,Student_3654,73,63
3655,Student_3655,52,90
3656,Student_3656,75,66
3657,Student_3657,78,50
3658,Student_3658,89,95
3659,Student_3659,99,80
3660,Student_3660,64,90
3661,Student_3661,97,69
3662,Student_3662,77,87
3663,Student_3663,83,61
3664,Student_3664,74,66
3665,Student_3665,97,86
3666,Student_3666,97,71
3667,Student_3667,63,84
3668,Student_3668,82,79
3669,Student_3669,91,55
3670,Student_3670,53,88
3671,Student_3671,82,98
3672,Student_3672,89,81
3673,Student_3673,96,58
3674,Student_3674,80,65
3675,Student_3675,84,54
3676,Student_3676,51,60
3677,Student_3677,51,93
3678,Student_3678,95,100
3679,Student_3679,81,70
3680,Student_3680,74,71
3681,Student_3681,67,61
3682,Student_3682,86,92
3683,Student_3683,88,53
3684,Student_3684,51,83
3685,Student_3685,97,99
3686,Student_3686,100,54
3687,Student_3687,69,79
3688,Student_3688,78,52
3689,Student_3689,52,92
3690,Student_3690,71,98
3691,Student_3691,68,97
3692,Student_3692,50,91
3693,Student_3693,80,63
3694,Student_3694,53,62
3695,Student_3695,50,85
3696,Student_3696,78,92
3697,Student_3697,64,71
3698,Student_3698,84,65
3699,Student_3699,64,76
3700,Student_3700,58,100
3701,Student_3701,100,71
3702,Student_3702,99,70
3703,Student_3703,68,93
3704,Student_3704,66,96
3705,Student_3705,92,96
3706,Student_3706,71,58
3707,Student_3707,91,73
3708,Student_3708,80,94
3709,Student_3709,72,96
3710,Student_3710,80,72
3711,Student_3711,58,69
3712,Student_3712,100,62
3713,Student_3713,81,98
3714,Student_3714,59,88
3715,Student_3715,65,77
3716,Student_3716,91,63
3717,Student_3717,95,80
3718,Student_3718,87,99
3719,Student_3719,75,100
3720,Student_3720,94,63
3721,Student_3721,89,68
3722,Student_3722,55,56
3723,Student_3723,67,62
3724,Student_3724,80,66
3725,Student_3725,94,57
3726,Student_3726,50,78
3727,Student_3727,80,61
3728,Student_3728,55,74
3729,Student_3729,66,52
3730,Student_3730,53,69
3731,Student_3731,72,92
3732,Student_3732,72,90
3733,Student_3733,82,97
3734,Student_3734,79,90
3735,Student_3735,77,86
3736,Student_3736,62,56
3737,Student_3737,51,57
3738,Student_3738,94,84
3739,Student_3739,70,97
3740,Student_3740,56,88
3741,Student_3741,89,90
3742,Student_3742,78,56
3743,Student_3743,59,64
3744,Student_3744,73,83
3745,Student_3745,71,71
3746,Student_3746,58,86
3747,Student_3747,78,90
3748,Student_3748,60,55
3749,Student_3749,76,54
3750,Student_3750,54,94
3751,Student_3751,100,57
3752,Student_3752,76,51
3753,Student_3753,96,89
3754,Student_3754,54,78
3755,Student_3755,96,85
3756,Student_3756,57,69
3757,Student_3757,57,77
3758,Student_3758,55,96
3759,Student_3759,85,61
3760,Student_3760,52,62
3761,Student_3761,76,83
3762,Student_3762,74,66
3763,Student_3763,55,66
3764,Student_3764,86,87
3765,Student_3765,62,84
3766,Student_3766,67,97
3767,Student_3767,81,76
3768,Student_3768,67,99
3769,Student_3769,68,80
3770,Student_3770,50,66
3771,Student_3771,71,62
3772,Student_3772,70,61
3773,Student_3773,52,57
3774,Student_3774,50,60
3775,Student_3775,60,54
3776,Student_3776,93,84
3777,Student_3777,87,75
3778,Student_3778,98,76
3779,Student_3779,67,51
3780,Student_3780,86,54
3781,Student_3781,56,92
3782,Student_3782,96,66
3783,Student_3783,80,90
3784,Student_3784,80,87
3785,Student_3785,89,56
3786,Student_3786,54,100
3787,Student_3787,64,52
3788,Student_3788,88,73
3789,Student_3789,100,82
3790,Student_3790,61,53
3791,Student_3791,60,74
3792,Student_3792,56,60
3793,Student_3793,100,85
3794,Student_3794,77,63
3795,Student_3795,94,84
3796,Student_3796,95,82
3797,Student_3797,62,82
3798,Student_3798,93,55
3799,Student_3799,57,56
3800,Student_3800,64,82
3801,Student_3801,75,53
3802,Student_3802,91,97
3803,Student_3803,83,99
3804,Student_3804,78,100
3805,Student_3805,67,76
3806,Student_3806,51,66
3807,Student_3807,100,95
3808,Student_3808,66,94
3809,Student_3809,53,96
3810,Student_3810,67,65
3811,Student_3811,99,67
3812,Student_3812,79,82
3813,Student_3813,65,69
3814,Student_3814,92,53
3815,Student_3815,89,69
3816,Student_3816,78,97
3817,Student_3817,82,57
3818,Student_3818,63,71
3819,Student_3819,95,93
3820,Student_3820,77,94
3821,Student_3821,77,60
3822,Student_3822,81,69
3823,Student_3823,97,100
3824,Student_3824,66,59
3825,Student_3825,94,75
3826,Student_3826,77,51
3827,Student_3827,58,89
3828,Student_3828,65,79
3829,Student_3829,76,99
3830,Student_3830,50,72
3831,Student_3831,70,88
3832,Student_3832,93,78
3833,Student_3833,100,56
3834,Student_3834,98,62
3835,Student_3835,89,97
3836,Student_3836,77,89
3837,Student_3837,75,100
3838,Student_3838,94,91
3839,Student_3839,53,93
3840,Student_3840,93,96
3841,Student_3841,68,90
3842,Student_3842,94,74
3843,Student_3843,57,67
3844,Student_3844,86,62
3845,Student_3845,67,55
3846,Student_3846,83,94
3847,Student_3847,98,52
3848,Student_3848,84,54
3849,Student_3849,99,73
3850,Student_3850,52,51
3851,Student_3851,93,64
3852,Student_3852,97,90
3853,Student_3853,51,61
3854,Student_3854,74,68
3855,Student_3855,76,94
3856,Student_3856,95,100
3857,Student_3857,53,95
3858,Student_3858,72,98
3859,Student_3859,99,68
3860,Student_3860,63,78
3861,Student_3861,84,93
3862,Student_3862,94,98
3863,Student_3863,70,95
3864,Student_3864,92,72
3865,Student_3865,86,55
3866,Student_3866,73,87
3867,Student_3867,60,78
3868,Student_3868,100,100
3869,Student_3869,84,94
3870,Student_3870,80,99
3871,Student_3871,54,60
3872,Student_3872,50,81
3873,Student_3873,94,60
3874,Student_3874,93,76
3875,Student_3875,78,93
3876,Student_3876,62,71
3877,Student_3877,59,94
3878,Student_3878,88,89
3879,Student_3879,88,92
3880,Student_3880,88,63
3881,Student_3881,79,55
3882,Student_3882,65,79
3883,Student_3883,51,57
3884,Student_3884,50,71
3885,Student_3885,82,54
3886,Student_3886,91,76
3887,Student_3887,87,53
3888,Student_3888,57,72
3889,Student_3889,59,57
3890,Student_3890,70,93
3891,Student_3891,83,79
3892,Student_3892,62,69
3893,Student_3893,75,95
3894,Student_3894,93,100
3895,Student_3895,71,54
3896,Student_3896,99,62
3897,Student_3897,94,79
3898,Student_3898,71,96
3899,Student_3899,100,83
3900,Student_3900,71,61
3901,Student_3901,52,74
3902,Student_3902,75,68
3903,Student_3903,79,83
3904,Student_3904,90,96
3905,Student_3905,86,56
3906,Student_3906,62,55
3907,Student_3907,76,86
3908,Student_3908,62,50
3909,Student_3909,64,98
3910,Student_3910,67,94
3911,Student_3911,66,82
3912,Student_3912,69,92
3913,Student_3913,60,74
3914,Student_3914,68,93
3915,Student_3915,88,53
3916,Student_3916,90,95
3917,Student_3917,80,81
3918,Student_3918,74,89
3919,Student_3919,88,92
3920,Student_3920,55,96
3921,Student_3921,55,56
3922,Student_3922,73,58
3923,Student_3923,72,61
3924,Student_3924,79,73
3925,Student_3925,97,57
3926,Student_3926,93,76
3927,Student_3927,56,66
3928,Student_3928,74,83
3929,Student_3929,51,88
3930,Student_3930,87,53
3931,Student_3931,62,85
3932,Student_3932,77,76
3933,Student_3933,57,71
3934,Student_3934,78,80
3935,Student_3935,99,96
3936,Student_3936,50,51
3937,Student_3937,85,83
3938,Student_3938,97,64
3939,Student_3939,53,51
3940,Student_3940,68,92
3941,Student_3941,68,88
3942,Student_3942,50,64
3943,Student_3943,61,72
3944,Student_3944,71,75
3945,Student_3945,82,65
3946,Student_3946,56,55
3947,Student_3947,94,68
3948,Student_3948,91,58
3949,Student_3949,65,79
3950,Student_3950,89,82
3951,Student_3951,51,63
3952,Student_3952,91,76
3953,Student_3953,76,92
3954,Student_3954,77,61
3955,Student_3955,98,96
3956,Student_3956,51,53
3957,Student_3957,84,55
3958,Student_3958,95,88
3959,Student_3959,88,64
3960,Student_3960,65,96
3961,Student_3961,78,73
3962,Student_3962,67,89
3963,Student_3963,71,60
3964,Student_3964,69,82
3965,Student_3965,88,59
3966,Student_3966,95,63
3967,Student_3967,86,87
3968,Student_3968,95,86
3969,Student_3969,78,90
3970,Student_3970,72,82
3971,Student_3971,59,84
3972,Student_3972,76,79
3973,Student_3973,70,83
3974,Student_3974,89,73
3975,Student_3975,73,85
3976,Student_3976,73,62
3977,Student_3977,64,82
3978,Student_3978,71,84
3979,Student_3979,69,80
3980,Student_3980,100,78
3981,Student_3981,64,54
3982,Student_3982,80,53
3983,Student_3983,85,91
3984,Student_3984,73,94
3985,Student_3985,80,65
3986,Student_3986,91,64
3987,Student_3987,54,81
3988,Student_3988,97,80
3989,Student_3989,87,79
3990,Student_3990,83,88
3991,Student_3991,71,70
3992,Student_3992,94,86
3993,Student_3993,72,94
3994,Student_3994,85,92
3995,Student_3995,56,73
3996,Student_3996,53,85
3997,Student_3997,68,70
3998,Student_3998,99,81
3999,Student_3999,98,76
4000,Student_4000,64,52
4001,Student_4001,89,51
4002,Student_4002,87,53
4003,Student_4003,73,83
4004,Student_4004,89,65
4005,Student_4005,54,68
4006,Student_4006,93,87
4007,Student_4007,70,99
4008,Student_4008,92,89
4009,Student_4009,78,77
4010,Student_4010,86,82
4011,Student_4011,72,77
4012,Student_4012,84,88
4013,Student_4013,60,95
4014,Student_4014,51,72
4015,Student_4015,91,54
4016,Student_4016,94,76
4017,Student_4017,66,66
4018,Student_4018,78,83
4019,Student_4019,96,73
4020,Student_4020,91,69
4021,Student_4021,84,85
4022,Student_4022,50,89
4023,Student_4023,97,64
4024,Student_4024,72,73
4025,Student_4025,69,76
4026,Student_4026,87,76
4027,Student_4027,96,92
4028,Student_4028,82,59
4029,Student_4029,78,85
4030,Student_4030,52,72
4031,Student_4031,97,63
4032,Student_4032,89,96
4033,Student_4033,67,86
4034,Student_4034,87,77
4035,Student_4035,68,78
4036,Student_4036,77,78
4037,Student_4037,94,50
4038,Student_4038,56,52
4039,Student_4039,91,58
4040,Student_4040,97,65
4041,Student_4041,54,86
4042,Student_4042,83,52
4043,Student_4043,95,51
4044,Student_4044,56,53
4045,Student_4045,96,74
4046,Student_4046,68,79
4047,Student_4047,52,95
4048,Student_4048,88,86
4049,Student_4049,93,94
4050,Student_4050,75,54
4051,Student_4051,96,56
4052,Student_4052,96,85
4053,Student_4053,69,55
4054,Student_4054,95,88
4055,Student_4055,51,72
4056,Student_4056,68,91
4057,Student_4057,53,54
4058,Student_4058,56,69
4059,Student_4059,73,80
4060,Student_4060,95,53
4061,Student_4061,95,97
4062,Student_4062,55,79
4063,Student_4063,54,81
4064,Student_4064,79,75
4065,Student_4065,80,75
4066,Student_4066,100,92
4067,Student_4067,51,96
4068,Student_4068,95,79
4069,Student_4069,54,100
4070,Student_4070,51,68
4071,Student_4071,76,54
4072,Student_4072,75,54
4073,Student_4073,82,84
4074,Student_4074,73,54
4075,Student_4075,93,99
4076,Student_4076,99,72
4077,Student_4077,96,94
4078,Student_4078,79,83
4079,Student_4079,51,84
4080,Student_4080,94,75
4081,Student_4081,67,74
4082,Student_4082,61,52
4083,Student_4083,75,75
4084,Student_4084,99,99
4085,Student_4085,56,66
4086,Student_4086,81,64
4087,Student_4087,78,65
4088,Student_4088,82,64
4089,Student_4089,68,80
4090,Student_4090,95,52
4091,Student_4091,100,61
4092,Student_4092,55,54
4093,Student_4093,95,85
4094,Student_4094,69,86
4095,Student_4095,83,60
4096,Student_4096,71,71
4097,Student_4097,71,99
4098,Student_4098,68,100
4099,Student_4099,64,65
4100,Student_4100,76,96
4101,Student_4101,88,90
4102,Student_4102,94,60
4103,Student_4103,55,51
4104,Student_4104,89,76
4105,Student_4105,76,68
4106,Student_4106,56,83
4107,Student_4107,80,84
4108,Student_4108,80,66
4109,Student_4109,59,83
4110,Student_4110,61,97
4111,Student_4111,53,85
4112,Student_4112,82,72
4113,Student_4113,93,58
4114,Student_4114,97,84
4115,Student_4115,77,95
4116,Student_4116,95,63
4117,Student_4117,91,73
4118,Student_4118,77,79
4119,Student_4119,91,65
4120,Student_4120,81,88
4121,Student_4121,97,72
4122,Student_4122,90,61
4123,Student_4123,78,86
4124,Student_4124,50,61
4125,Student_4125,99,81
4126,Student_4126,81,72
4127,Student_4127,76,63
4128,Student_4128,75,71
4129,Student_4129,88,86
4130,Student_4130,87,80
4131,Student_4131,97,59
4132,Student_4132,82,57
4133,Student_4133,100,98
4134,Student_4134,67,62
4135,Student_4135,67,85
4136,Student_4136,89,64
4137,Student_4137,62,85
4138,Student_4138,54,93
4139,Student_4139,94,63
4140,Student_4140,77,89
4141,Student_4141,95,52
4142,Student_4142,69,53
4143,Student_4143,74,80
4144,Student_4144,66,86
4145,Student_4145,88,63
4146,Student_4146,82,70
4147,Student_4147,82,55
4148,Student_4148,98,89
4149,Student_4149,93,64
4150,Student_4150,83,76
4151,Student_4151,58,98
4152,Student_4152,76,51
4153,Student_4153,68,55
4154,Student_4154,52,95
4155,Student_4155,84,91
4156,Student_4156,51,60
4157,Student_4157,79,60
4158,Student_4158,78,91
4159,Student_4159,63,61
4160,Student_4160,97,85
4161,Student_4161,85,66
4162,Student_4162,61,88
4163,Student_4163,67,53
4164,Student_4164,99,53
4165,Student_4165,52,96
4166,Student_4166,91,82
4167,Student_4167,60,66
4168,Student_4168,78,92
4169,Student_4169,54,69
4170,Student_4170,73,62
4171,Student_4171,97,52
4172,Student_4172,66,85
4173,Student_4173,90,90
4174,Student_4174,59,51
4175,Student_4175,57,77
4176,Student_4176,68,67
4177,Student_4177,83,59
4178,Student_4178,77,52
4179,Student_4179,90,79
4180,Student_4180,57,60
4181,Student_4181,71,57
4182,Student_4182,68,88
4183,Student_4183,67,90
4184,Student_4184,70,62
4185,Student_4185,50,66
4186,Student_4186,93,83
4187,Student_4187,66,52
4188,Student_4188,50,63
4189,Student_4189,69,88
4190,Student_4190,80,73
4191,Student_4191,100,68
4192,Student_4192,77,94
4193,Student_4193,53,91
4194,Student_4194,75,53
4195,Student_4195,100,86
4196,Student_4196,72,66
4197,Student_4197,56,53
4198,Student_4198,94,65
4199,Student_4199,72,81
4200,Student_4200,86,84
4201,Student_4201,77,71
4202,Student_4202,99,65
4203,Student_4203,76,67
4204,Student_4204,98,84
4205,Student_4205,70,71
4206,Student_4206,56,55
4207,Student_4207,66,94
4208,Student_4208,67,98
4209,Student_4209,80,94
4210,Student_4210,61,75
4211,Student_4211,94,66
4212,Student_4212,70,60
4213,Student_4213,65,82
4214,Student_4214,92,53
4215,Student_4215,99,95
4216,Student_4216,66,97
4217,Student_4217,59,54
4218,Student_4218,71,84
4219,Student_4219,60,91
4220,Student_4220,77,69
4221,Student_4221,57,60
4222,Student_4222,79,66
4223,Student_4223,98,69
4224,Student_4224,87,91
4225,Student_4225,69,90
4226,Student_4226,85,72
4227,Student_4227,75,89
4228,Student_4228,95,93
4229,Student_4229,70,69
4230,Student_4230,59,95
4231,Student_4231,63,52
4232,Student_4232,97,84
4233,Student_4233,68,80
4234,Student_4234,67,51
4235,Student_4235,73,97
4236,Student_4236,68,90
4237,Student_4237,85,50
4238,Student_4238,71,91
4239,Student_4239,52,100
4240,Student_4240,81,85
4241,Student_4241,65,74
4242,Student_4242,56,52
4243,Student_4243,88,70
4244,Student_4244,83,54
4245,Student_4245,77,92
4246,Student_4246,100,87
4247,Student_4247,90,93
4248,Student_4248,93,91
4249,Student_4249,77,82
4250,Student_4250,72,78
4251,Student_4251,76,84
4252,Student_4252,54,98
4253,Student_4253,92,84
4254,Student_4254,91,54
4255,Student_4255,68,55
4256,Student_4256,84,59
4257,Student_4257,62,59
4258,Student_4258,85,94
4259,Student_4259,94,100
4260,Student_4260,89,98
4261,Student_4261,57,70
4262,Student_4262,64,79
4263,Student_4263,55,78
4264,Student_4264,84,59
4265,Student_4265,79,100
4266,Student_4266,56,92
4267,Student_4267,96,54
4268,Student_4268,75,68
4269,Student_4269,86,69
4270,Student_4270,75,90
4271,Student_4271,54,59
4272,Student_4272,89,54
4273,Student_4273,81,78
4274,Student_4274,71,89
4275,Student_4275,64,71
4276,Student_4276,61,61
4277,Student_4277,79,64
4278,Student_4278,59,76
4279,Student_4279,71,73
4280,Student_4280,65,74
4281,Student_4281,61,63
4282,Student_4282,75,76
4283,Student_4283,90,64
4284,Student_4284,74,63
4285,Student_4285,87,72
4286,Student_4286,62,62
4287,Student_4287,59,90
4288,Student_4288,60,94
4289,Student_4289,91,64
4290,Student_4290,95,60
4291,Student_4291,99,52
4292,Student_4292,93,89
4293,Student_4293,93,58
4294,Student_4294,95,53
4295,Student_4295,100,58
4296,Student_4296,93,59
4297,Student_4297,60,73
4298,Student_4298,65,92
4299,Student_4299,88,84
4300,Student_4300,70,62
4301,Student_4301,94,66
4302,Student_4302,69,50
4303,Student_4303,52,81
4304,Student_4304,73,51
4305,Student_4305,66,94
4306,Student_4306,72,94
4307,Student_4307,78,54
4308,Student_4308,61,90
4309,Student_4309,71,59
4310,Student_4310,87,89
4311,Student_4311,59,94
4312,Student_4312,77,73
4313,Student_4313,78,92
4314,Student_4314,55,54
4315,Student_4315,69,83
4316,Student_4316,98,72
4317,Student_4317,64,54
4318,Student_4318,51,51
4319,Student_4319,95,97
4320,Student_4320,95,67
4321,Student_4321,73,56
4322,Student_4322,50,80
4323,Student_4323,67,64
4324,Student_4324,86,54
4325,Student_4325,65,53
4326,Student_4326,60,87
4327,Student_4327,78,86
4328,Student_4328,68,50
4329,Student_4329,78,81
4330,Student_4330,72,56
4331,Student_4331,92,80
4332,Student_4332,51,66
4333,Student_4333,83,94
4334,Student_4334,54,83
4335,Student_4335,95,99
4336,Student_4336,90,51
4337,Student_4337,89,84
4338,Student_4338,52,79
4339,Student_4339,55,69
4340,Student_4340,75,79
4341,Student_4341,74,77
4342,Student_4342,67,67
4343,Student_4343,62,64
4344,Student_4344,89,96
4345,Student_4345,70,85
4346,Student_4346,85,50
4347,Student_4347,74,64
4348,Student_4348,68,58
4349,Student_4349,91,68
4350,Student_4350,58,84
4351,Student_4351,71,73
4352,Student_4352,94,57
4353,Student_4353,59,75
4354,Student_4354,56,82
4355,Student_4355,100,99
4356,Student_4356,72,88
4357,Student_4357,97,55
4358,Student_4358,62,78
4359,Student_4359,82,94
4360,Student_4360,54,82
4361,Student_4361,70,99
4362,Student_4362,95,85
4363,Student_4363,55,72
4364,Student_4364,55,96
4365,Student_4365,51,79
4366,Student_4366,98,97
4367,Student_4367,53,64
4368,Student_4368,78,57
4369,Student_4369,69,68
4370,Student_4370,63,99
4371,Student_4371,92,66
4372,Student_4372,90,64
4373,Student_4373,70,66
4374,Student_4374,100,96
4375,Student_4375,58,76
4376,Student_4376,61,93
4377,Student_4377,57,85
4378,Student_4378,55,56
4379,Student_4379,95,98
4380,Student_4380,68,58
4381,Student_4381,50,68
4382,Student_4382,93,95
4383,Student_4383,70,80
4384,Student_4384,82,72
4385,Student_4385,68,94
4386,Student_4386,70,95
4387,Student_4387,93,65
4388,Student_4388,50,62
4389,Student_4389,67,71
4390,Student_4390,82,75
4391,Student_4391,69,82
4392,Student_4392,67,81
4393,Student_4393,63,94
4394,Student_4394,66,95
4395,Student_4395,54,74
4396,Student_4396,78,98
4397,Student_4397,55,100
4398,Student_4398,61,86
4399,Student_4399,80,58
4400,Student_4400,70,94
4401,Student_4401,86,96
4402,Student_4402,60,53
4403,Student_4403,75,59
4404,Student_4404,50,90
4405,Student_4405,87,89
4406,Student_4406,93,91
4407,Student_4407,81,61
4408,Student_4408,56,51
4409,Student_4409,69,91
4410,Student_4410,65,59
4411,Student_4411,58,81
4412,Student_4412,80,84
4413,Student_4413,53,86
4414,Student_4414,98,62
4415,Student_4415,75,88
4416,Student_4416,87,61
4417,Student_4417,52,56
4418,Student_4418,56,94
4419,Student_4419,50,98
4420,Student_4420,93,55
4421,Student_4421,50,73
4422,Student_4422,50,68
4423,Student_4423,95,68
4424,Student_4424,85,95
4425,Student_4425,89,95
4426,Student_4426,60,58
4427,Student_4427,62,98
4428,Student_4428,50,54
4429,Student_4429,93,83
4430,Student_4430,82,77
4431,Student_4431,56,59
4432,Student_4432,57,58
4433,Student_4433,87,67
4434,Student_4434,64,82
4435,Student_4435,61,66
4436,Student_4436,98,85
4437,Student_4437,55,60
4438,Student_4438,88,95
4439,Student_4439,66,56
4440,Student_4440,88,51
4441,Student_4441,54,61
4442,Student_4442,52,56
4443,Student_4443,59,50
4444,Student_4444,79,65
4445,Student_4445,91,84
4446,Student_4446,61,56
4447,Student_4447,71,77
4448,Student_4448,90,68
4449,Student_4449,69,70
4450,Student_4450,63,73
4451,Student_4451,53,62
4452,Student_4452,69,80
4453,Student_4453,73,85
4454,Student_4454,79,52
4455,Student_4455,52,98
4456,Student_4456,60,84
4457,Student_4457,61,64
4458,Student_4458,70,60
4459,Student_4459,86,61
4460,Student_4460,84,78
4461,Student_4461,72,98
4462,Student_4462,68,91
4463,Student_4463,61,82
4464,Student_4464,60,92
4465,Student_4465,54,98
4466,Student_4466,63,53
4467,Student_4467,73,67
4468,Student_4468,83,91
4469,Student_4469,96,68
4470,Student_4470,81,60
4471,Student_4471,51,64
4472,Student_4472,54,75
4473,Student_4473,59,66
4474,Student_4474,96,77
4475,Student_4475,88,66
4476,Student_4476,81,65
4477,Student_4477,77,72
4478,Student_4478,99,63
4479,Student_4479,73,88
4480,Student_4480,70,60
4481,Student_4481,50,73
4482,Student_4482,90,60
4483,Student_4483,55,89
4484,Student_4484,51,88
4485,Student_4485,97,58
4486,Student_4486,98,94
4487,Student_4487,56,93
4488,Student_4488,64,86
4489,Student_4489,96,50
4490,Student_4490,82,69
4491,Student_4491,72,97
4492,Student_4492,96,57
4493,Student_4493,58,59
4494,Student_4494,92,58
4495,Student_4495,91,88
4496,Student_4496,95,67
4497,Student_4497,74,70
4498,Student_4498,94,55
4499,Student_4499,89,98
4500,Student_4500,61,79
4501,Student_4501,97,84
4502,Student_4502,57,94
4503,Student_4503,69,75
4504,Student_4504,69,55
4505,Student_4505,64,88
4506,Student_4506,78,88
4507,Student_4507,83,62
4508,Student_4508,97,60
4509,Student_4509,100,93
4510,Student_4510,57,58
4511,Student_4511,53,64
4512,Student_4512,65,78
4513,Student_4513,95,94
4514,Student_4514,66,72
4515,Student_4515,85,79
4516,Student_4516,68,74
4517,Student_4517,62,54
4518,Student_4518,83,62
4519,Student_4519,94,83
4520,Student_4520,88,78
4521,Student_4521,85,51
4522,Student_4522,100,58
4523,Student_4523,86,90
4524,Student_4524,89,58
4525,Student_4525,53,95
4526,Student_4526,95,86
4527,Student_4527,94,97
4528,Student_4528,85,60
4529,Student_4529,97,75
4530,Student_4530,85,59
4531,Student_4531,50,75
4532,Student_4532,79,67
4533,Student_4533,76,69
4534,Student_4534,84,57
4535,Student_4535,85,77
4536,Student_4536,59,84
4537,Student_4537,72,88
4538,Student_4538,73,53
4539,Student_4539,82,95
4540,Student_4540,95,58
4541,Student_4541,56,63
4542,Student_4542,90,96
4543,Student_4543,95,59
4544,Student_4544,98,62
4545,Student_4545,75,65
4546,Student_4546,82,68
4547,Student_4547,83,67
4548,Student_4548,72,67
4549,Student_4549,97,82
4550,Student_4550,83,55
4551,Student_4551,96,53
4552,Student_4552,78,79
4553,Student_4553,56,98
4554,Student_4554,81,50
4555,Student_4555,99,83
4556,Student_4556,51,91
4557,Student_4557,93,77
4558,Student_4558,79,74
4559,Student_4559,54,97
4560,Student_4560,59,80
4561,Student_4561,76,58
4562,Student_4562,58,87
4563,Student_4563,67,55
4564,Student_4564,87,98
4565,Student_4565,82,52
4566,Student_4566,71,79
4567,Student_4567,94,77
4568,Student_4568,89,76
4569,Student_4569,100,66
4570,Student_4570,67,96
4571,Student_4571,79,80
4572,Student_4572,55,90
4573,Student_4573,91,60
4574,Student_4574,100,54
4575,Student_4575,65,80
4576,Student_4576,91,62
4577,Student_4577,56,58
4578,Student_4578,61,79
4579,Student_4579,70,51
4580,Student_4580,95,50
4581,Student_4581,76,75
4582,Student_4582,88,99
4583,Student_4583,65,78
4584,Student_4584,82,57
4585,Student_4585,62,59
4586,Student_4586,66,96
4587,Student_4587,94,81
4588,Student_4588,85,82
4589,Student_4589,51,86
4590,Student_4590,71,58
4591,Student_4591,87,80
4592,Student_4592,72,72
4593,Student_4593,89,69
4594,Student_4594,64,86
4595,Student_4595,59,81
4596,Student_4596,73,66
4597,Student_4597,84,52
4598,Student_4598,79,98
4599,Student_4599,85,79
4600,Student_4600,72,87
4601,Student_4601,91,90
4602,Student_4602,73,82
4603,Student_4603,84,83
4604,Student_4604,91,85
4605,Student_4605,60,70
4606,Student_4606,97,69
4607,Student_4607,73,97
4608,Student_4608,88,81
4609,Student_4609,100,71
4610,Student_4610,96,73
4611,Student_4611,62,60
4612,Student_4612,51,92
4613,Student_4613,74,73
4614,Student_4614,97,66
4615,Student_4615,71,86
4616,Student_4616,62,100
4617,Student_4617,99,90
4618,Student_4618,61,89
4619,Student_4619,78,99
4620,Student_4620,64,77
4621,Student_4621,85,74
4622,Student_4622,92,58
4623,Student_4623,75,89
4624,Student_4624,51,99
4625,Student_4625,87,58
4626,Student_4626,92,99
4627,Student_4627,58,66
4628,Student_4628,56,95
4629,Student_4629,67,82
4630,Student_4630,94,94
4631,Student_4631,59,68
4632,Student_4632,99,61
4633,Student_4633,77,77
4634,Student_4634,60,91
4635,Student_4635,54,94
4636,Student_4636,89,67
4637,Student_4637,93,59
4638,Student_4638,61,56
4639,Student_4639,82,84
4640,Student_4640,59,95
4641,Student_4641,96,77
4642,Student_4642,50,50
4643,Student_4643,67,56
4644,Student_4644,94,85
4645,Student_4645,67,60
4646,Student_4646,62,51
4647,Student_4647,84,77
4648,Student_4648,75,99
4649,Student_4649,75,72
4650,Student_4650,61,96
4651,Student_4651,69,97
4652,Student_4652,54,85
4653,Student_4653,75,59
4654,Student_4654,56,96
4655,Student_4655,84,59
4656,Student_4656,58,96
4657,Student_4657,57,64
4658,Student_4658,94,59
4659,Student_4659,71,72
4660,Student_4660,88,78
4661,Student_4661,55,100
4662,Student_4662,61,63
4663,Student_4663,88,63
4664,Student_4664,53,88
4665,Student_4665,96,65
4666,Student_4666,92,68
4667,Student_4667,52,94
4668,Student_4668,75,60
4669,Student_4669,69,68
4670,Student_4670,96,70
4671,Student_4671,76,84
4672,Student_4672,64,95
4673,Student_4673,56,95
4674,Student_4674,87,69
4675,Student_4675,84,60
4676,Student_4676,50,79
4677,Student_4677,65,69
4678,Student_4678,64,98
4679,Student_4679,65,75
4680,Student_4680,74,80
4681,Student_4681,65,75
4682,Student_4682,85,57
4683,Student_4683,64,96
4684,Student_4684,91,54
4685,Student_4685,57,67
4686,Student_4686,72,66
4687,Student_4687,66,55
4688,Student_4688,93,53
4689,Student_4689,69,81
4690,Student_4690,74,55
4691,Student_4691,72,85
4692,Student_4692,53,66
4693,Student_4693,50,75
4694,Student_4694,59,63
4695,Student_4695,98,66
4696,Student_4696,92,86
4697,Student_4697,86,64
4698,Student_4698,60,56
4699,Student_4699,69,72
4700,Student_4700,61,97
4701,Student_4701,83,92
4702,Student_4702,56,56
4703,Student_4703,80,79
4704,Student_4704,80,99
4705,Student_4705,71,70
4706,Student_4706,66,59
4707,Student_4707,51,50
4708,Student_4708,63,85
4709,Student_4709,69,74
4710,Student_4710,98,74
4711,Student_4711,77,86
4712,Student_4712,74,58
4713,Student_4713,53,63
4714,Student_4714,91,66
4715,Student_4715,59,56
4716,Student_4716,87,68
4717,Student_4717,100,55
4718,Student_4718,80,67
4719,Student_4719,74,67
4720,Student_4720,53,81
4721,Student_4721,86,85
4722,Student_4722,98,94
4723,Student_4723,84,81
4724,Student_4724,83,74
4725,Student_4725,98,76
4726,Student_4726,100,72
4727,Student_4727,75,61
4728,Student_4728,73,56
4729,Student_4729,58,90
4730,Student_4730,77,61
4731,Student_4731,68,73
4732,Student_4732,70,91
4733,Student_4733,93,94
4734,Student_4734,85,75
4735,Student_4735,51,85
4736,Student_4736,92,88
4737,Student_4737,62,70
4738,Student_4738,77,96
4739,Student_4739,63,63
4740,Student_4740,97,92
4741,Student_4741,79,68
4742,Student_4742,79,54
4743,Student_4743,63,94
4744,Student_4744,54,87
4745,Student_4745,55,67
4746,Student_4746,54,77
4747,Student_4747,72,76
4748,Student_4748,73,60
4749,Student_4749,78,50
4750,Student_4750,89,91
4751,Student_4751,87,72
4752,Student_4752,99,99
4753,Student_4753,67,68
4754,Student_4754,95,57
4755,Student_4755,77,91
4756,Student_4756,88,96
4757,Student_4757,50,94
4758,Student_4758,98,94
4759,Student_4759,98,80
4760,Student_4760,55,91
4761,Student_4761,83,100
4762,Student_4762,92,99
4763,Student_4763,100,61
4764,Student_4764,95,54
4765,Student_4765,76,80
4766,Student_4766,82,58
4767,Student_4767,76,60
4768,Student_4768,59,57
4769,Student_4769,65,78
4770,Student_4770,81,69
4771,Student_4771,89,55
4772,Student_4772,60,91
4773,Student_4773,95,69
4774,Student_4774,67,58
4775,Student_4775,65,76
4776,Student_4776,95,63
4777,Student_4777,85,68
4778,Student_4778,79,75
4779,Student_4779,96,80
4780,Student_4780,73,70
4781,Student_4781,86,50
4782,Student_4782,85,66
4783,Student_4783,93,57
4784,Student_4784,67,91
4785,Student_4785,65,97
4786,Student_4786,69,95
4787,Student_4787,94,62
4788,Student_4788,81,97
4789,Student_4789,58,80
4790,Student_4790,71,84
4791,Student_4791,92,63
4792,Student_4792,67,84
4793,Student_4793,100,63
4794,Student_4794,77,51
4795,Student_4795,78,84
4796,Student_4796,99,52
4797,Student_4797,68,94
4798,Student_4798,84,52
4799,Student_4799,76,97
4800,Student_4800,64,87
4801,Student_4801,71,58
4802,Student_4802,60,50
4803,Student_4803,73,85
4804,Student_4804,74,59
4805,Student_4805,98,79
4806,Student_4806,77,68
4807,Student_4807,83,76
4808,Student_4808,59,88
4809,Student_4809,96,62
4810,Student_4810,88,97
4811,Student_4811,88,92
4812,Student_4812,70,69
4813,Student_4813,80,76
4814,Student_4814,96,76
4815,Student_4815,71,55
4816,Student_4816,57,98
4817,Student_4817,92,80
4818,Student_4818,71,54
4819,Student_4819,50,56
4820,Student_4820,93,77
4821,Student_4821,57,57
4822,Student_4822,100,65
4823,Student_4823,64,92
4824,Student_4824,62,82
4825,Student_4825,51,76
4826,Student_4826,68,71
4827,Student_4827,57,57
4828,Student_4828,62,64
4829,Student_4829,82,55
4830,Student_4830,53,82
4831,Student_4831,96,61
4832,Student_4832,68,70
4833,Student_4833,54,81
4834,Student_4834,71,71
4835,Student_4835,88,78
4836,Student_4836,54,91
4837,Student_4837,83,81
4838,Student_4838,62,59
4839,Student_4839,56,66
4840,Student_4840,94,93
4841,Student_4841,95,87
4842,Student_4842,64,90
4843,Student_4843,85,69
4844,Student_4844,90,57
4845,Student_4845,62,78
4846,Student_4846,51,93
4847,Student_4847,54,72
4848,Student_4848,68,59
4849,Student_4849,83,90
4850,Student_4850,51,78
4851,Student_4851,59,54
4852,Student_4852,56,64
4853,Student_4853,62,84
4854,Student_4854,73,99
4855,Student_4855,98,78
4856,Student_4856,87,96
4857,Student_4857,57,100
4858,Student_4858,74,53
4859,Student_4859,62,70
4860,Student_4860,66,70
4861,Student_4861,55,84
4862,Student_4862,82,58
4863,Student_4863,89,63
4864,Student_4864,96,87
4865,Student_4865,63,52
4866,Student_4866,94,70
4867,Student_4867,73,96
4868,Student_4868,74,76
4869,Student_4869,67,100
4870,Student_4870,82,81
4871,Student_4871,69,51
4872,Student_4872,58,97
4873,Student_4873,95,79
4874,Student_4874,61,65
4875,Student_4875,53,64
4876,Student_4876,89,97
4877,Student_4877,97,90
4878,Student_4878,73,78
4879,Student_4879,90,61
4880,Student_4880,54,98
4881,Student_4881,68,87
4882,Student_4882,77,91
4883,Student_4883,71,64
4884,Student_4884,100,55
4885,Student_4885,68,94
4886,Student_4886,93,79
4887,Student_4887,97,65
4888,Student_4888,56,50
4889,Student_4889,57,93
4890,Student_4890,91,99
4891,Student_4891,75,60
4892,Student_4892,79,98
4893,Student_4893,82,87
4894,Student_4894,51,81
4895,Student_4895,55,92
4896,Student_4896,52,73
4897,Student_4897,81,64
4898,Student_4898,82,85
4899,Student_4899,93,99
4900,Student_4900,67,85
4901,Student_4901,68,51
4902,Student_4902,96,56
4903,Student_4903,59,57
4904,Student_4904,50,75
4905,Student_4905,72,93
4906,Student_4906,81,86
4907,Student_4907,94,60
4908,Student_4908,84,82
4909,Student_4909,100,61
4910,Student_4910,61,54
4911,Student_4911,50,55
4912,Student_4912,53,90
4913,Student_4913,71,95
4914,Student_4914,73,56
4915,Student_4915,60,77
4916,Student_4916,83,55
4917,Student_4917,63,72
4918,Student_4918,87,57
4919,Student_4919,72,69
4920,Student_4920,71,51
4921,Student_4921,84,92
4922,Student_4922,99,85
4923,Student_4923,94,85
4924,Student_4924,90,69
4925,Student_4925,95,61
4926,Student_4926,100,68
4927,Student_4927,72,87
4928,Student_4928,79,68
4929,Student_4929,98,68
4930,Student_4930,100,89
4931,Student_4931,65,62
4932,Student_4932,65,62
4933,Student_4933,72,77
4934,Student_4934,86,53
4935,Student_4935,66,65
4936,Student_4936,83,98
4937,Student_4937,75,95
4938,Student_4938,89,86
4939,Student_4939,62,96
4940,Student_4940,71,82
4941,Student_4941,53,63
4942,Student_4942,92,81
4943,Student_4943,72,77
4944,Student_4944,83,91
4945,Student_4945,58,94
4946,Student_4946,89,76
4947,Student_4947,56,72
4948,Student_4948,100,63
4949,Student_4949,69,90
4950,Student_4950,50,74
4951,Student_4951,62,98
4952,Student_4952,67,74
4953,Student_4953,61,92
4954,Student_4954,95,81
4955,Student_4955,93,86
4956,Student_4956,56,99
4957,Student_4957,67,61
4958,Student_4958,65,65
4959,Student_4959,77,98
4960,Student_4960,74,82
4961,Student_4961,55,93
4962,Student_4962,51,77
4963,Student_4963,93,65
4964,Student_4964,91,63
4965,Student_4965,86,81
4966,Student_4966,54,80
4967,Student_4967,51,50
4968,Student_4968,56,50
4969,Student_4969,76,76
4970,Student_4970,52,67
4971,Student_4971,81,73
4972,Student_4972,99,77
4973,Student_4973,50,62
4974,Student_4974,57,99
4975,Student_4975,93,91
4976,Student_4976,82,75
4977,Student_4977,86,67
4978,Student_4978,55,90
4979,Student_4979,97,75
4980,Student_4980,71,84
4981,Student_4981,60,69
4982,Student_4982,93,98
4983,Student_4983,89,63
4984,Student_4984,84,70
4985,Student_4985,87,91
4986,Student_4986,93,74
4987,Student_4987,62,80
4988,Student_4988,68,63
4989,Student_4989,65,67
4990,Student_4990,83,82
4991,Student_4991,82,60
4992,Student_4992,68,55
4993,Student_4993,77,100
4994,Student_4994,100,91
4995,Student_4995,70,100
4996,Student_4996,83,65
4997,Student_4997,87,89
4998,Student_4998,55,88
4999,Student_4999,69,57
5000,Student_5000,95,96
5001,Student_5001,73,77
5002,Student_5002,100,99
5003,Student_5003,93,78
5004,Student_5004,85,83
5005,Student_5005,100,60
5006,Student_5006,78,88
5007,Student_5007,100,77
5008,Student_5008,66,100
5009,Student_5009,53,56
5010,Student_5010,63,55
5011,Student_5011,88,82
5012,Student_5012,66,86
5013,Student_5013,92,61
5014,Student_5014,100,54
5015,Student_5015,63,53
5016,Student_5016,77,57
5017,Student_5017,91,57
5018,Student_5018,81,63
5019,Student_5019,93,65
5020,Student_5020,92,68
5021,Student_5021,97,88
5022,Student_5022,100,60
5023,Student_5023,66,77
5024,Student_5024,69,50
5025,Student_5025,95,72
5026,Student_5026,59,53
5027,Student_5027,100,75
5028,Student_5028,61,71
5029,Student_5029,56,93
5030,Student_5030,82,78
5031,Student_5031,95,86
5032,Student_5032,54,60
5033,Student_5033,75,76
5034,Student_5034,78,59
5035,Student_5035,77,87
5036,Student_5036,50,73
5037,Student_5037,91,57
5038,Student_5038,77,69
5039,Student_5039,62,64
5040,Student_5040,93,89
5041,Student_5041,65,64
5042,Student_5042,95,97
5043,Student_5043,63,78
5044,Student_5044,68,65
5045,Student_5045,83,95
5046,Student_5046,81,55
5047,Student_5047,69,53
5048,Student_5048,55,52
5049,Student_5049,90,96
5050,Student_5050,73,81
5051,Student_5051,52,50
5052,Student_5052,89,75
5053,Student_5053,62,82
5054,Student_5054,59,66
5055,Student_5055,51,100
5056,Student_5056,62,98
5057,Student_5057,81,57
5058,Student_5058,60,78
5059,Student_5059,62,66
5060,Student_5060,83,83
5061,Student_5061,88,99
5062,Student_5062,56,80
5063,Student_5063,94,54
5064,Student_5064,84,61
5065,Student_5065,92,52
5066,Student_5066,86,80
5067,Student_5067,52,70
5068,Student_5068,57,92
5069,Student_5069,53,59
5070,Student_5070,75,64
5071,Student_5071,71,87
5072,Student_5072,50,65
5073,Student_5073,72,98
5074,Student_5074,58,53
5075,Student_5075,94,66
5076,Student_5076,64,93
5077,Student_5077,78,93
5078,Student_5078,65,54
5079,Student_5079,84,91
5080,Student_5080,78,95
5081,Student_5081,96,55
5082,Student_5082,59,94
5083,Student_5083,92,95
5084,Student_5084,98,96
5085,Student_5085,51,76
5086,Student_5086,54,61
5087,Student_5087,61,89
5088,Student_5088,86,57
5089,Student_5089,58,69
5090,Student_5090,79,56
5091,Student_5091,68,74
5092,Student_5092,52,60
5093,Student_5093,56,100
5094,Student_5094,85,80
5095,Student_5095,63,86
5096,Student_5096,57,54
5097,Student_5097,71,83
5098,Student_5098,59,88
5099,Student_5099,67,81
5100,Student_5100,65,85
5101,Student_5101,52,68
5102,Student_5102,59,69
5103,Student_5103,50,85
5104,Student_5104,72,79
5105,Student_5105,62,56
5106,Student_5106,98,98
5107,Student_5107,60,64
5108,Student_5108,62,94
5109,Student_5109,61,74
5110,Student_5110,55,82
5111,Student_5111,76,58
5112,Student_5112,83,52
5113,Student_5113,94,65
5114,Student_5114,91,65
5115,Student_5115,50,65
5116,Student_5116,55,66
5117,Student_5117,98,90
5118,Student_5118,51,79
5119,Student_5119,92,98
5120,Student_5120,76,89
5121,Student_5121,53,51
5122,Student_5122,52,51
5123,Student_5123,65,86
5124,Student_5124,74,57
5125,Student_5125,93,99
5126,Student_5126,88,51
5127,Student_5127,65,51
5128,Student_5128,53,76
5129,Student_5129,84,83
5130,Student_5130,53,97
5131,Student_5131,69,87
5132,Student_5132,83,74
5133,Student_5133,88,54
5134,Student_5134,50,77
5135,Student_5135,81,73
5136,Student_5136,87,83
5137,Student_5137,70,63
5138,Student_5138,53,90
5139,Student_5139,79,60
5140,Student_5140,85,72
5141,Student_5141,68,76
5142,Student_5142,72,85
5143,Student_5143,88,71
5144,Student_5144,53,54
5145,Student_5145,57,94
5146,Student_5146,85,88
5147,Student_5147,65,94
5148,Student_5148,76,75
5149,Student_5149,55,79
5150,Student_5150,97,68
5151,Student_5151,98,90
5152,Student_5152,72,65
5153,Student_5153,79,66
5154,Student_5154,80,87
5155,Student_5155,84,69
5156,Student_5156,53,62
5157,Student_5157,95,94
5158,Student_5158,54,56
5159,Student_5159,62,65
5160,Student_5160,56,59
5161,Student_5161,96,97
5162,Student_5162,69,73
5163,Student_5163,93,82
5164,Student_5164,82,86
5165,Student_5165,85,50
5166,Student_5166,96,78
5167,Student_5167,69,71
5168,Student_5168,93,61
5169,Student_5169,82,89
5170,Student_5170,76,85
5171,Student_5171,52,79
5172,Student_5172,55,62
5173,Student_5173,55,79
5174,Student_5174,72,77
5175,Student_5175,69,97
5176,Student_5176,70,71
5177,Student_5177,94,80
5178,Student_5178,56,99
5179,Student_5179,99,94
5180,Student_5180,99,52
5181,Student_5181,58,90
5182,Student_5182,73,61
5183,Student_5183,53,54
5184,Student_5184,63,57
5185,Student_5185,90,52
5186,Student_5186,74,74
5187,Student_5187,95,80
5188,Student_5188,95,80
5189,Student_5189,77,63
5190,Student_5190,85,63
5191,Student_5191,96,87
5192,Student_5192,65,65
5193,Student_5193,58,54
5194,Student_5194,99,71
5195,Student_5195,56,83
5196,Student_5196,92,100
5197,Student_5197,76,65
5198,Student_5198,70,56
5199,Student_5199,66,84
5200,Student_5200,97,74
5201,Student_5201,78,88
5202,Student_5202,57,55
5203,Student_5203,55,100
5204,Student_5204,54,58
5205,Student_5205,99,54
5206,Student_5206,98,86
5207,Student_5207,97,59
5208,Student_5208,93,52
5209,Student_5209,53,91
5210,Student_5210,91,62
5211,Student_5211,65,84
5212,Student_5212,79,88
5213,Student_5213,80,65
5214,Student_5214,97,77
5215,Student_5215,87,65
5216,Student_5216,76,56
5217,Student_5217,83,72
5218,Student_5218,96,64
5219,Student_5219,89,80
5220,Student_5220,78,88
5221,Student_5221,75,62
5222,Student_5222,68,64
5223,Student_5223,85,100
5224,Student_5224,61,90
5225,Student_5225,60,86
5226,Student_5226,63,64
5227,Student_5227,61,98
5228,Student_5228,94,87
5229,Student_5229,57,68
5230,Student_5230,77,89
5231,Student_5231,86,100
5232,Student_5232,83,56
5233,Student_5233,69,63
5234,Student_5234,54,71
5235,Student_5235,74,95
5236,Student_5236,85,77
5237,Student_5237,56,74
5238,Student_5238,86,60
5239,Student_5239,51,86
5240,Student_5240,56,61
5241,Student_5241,87,82
5242,Student_5242,60,88
5243,Student_5243,80,81
5244,Student_5244,96,70
5245,Student_5245,80,82
5246,Student_5246,63,99
5247,Student_5247,93,93
5248,Student_5248,58,61
5249,Student_5249,92,68
5250,Student_5250,94,52
5251,Student_5251,80,73
5252,Student_5252,56,60
5253,Student_5253,83,52
5254,Student_5254,50,59
5255,Student_5255,91,69
5256,Student_5256,63,51
5257,Student_5257,59,59
5258,Student_5258,68,53
5259,Student_5259,80,75
5260,Student_5260,64,64
5261,Student_5261,77,78
5262,Student_5262,88,56
5263,Student_5263,69,64
5264,Student_5264,54,51
5265,Student_5265,84,71
5266,Student_5266,77,78
5267,Student_5267,69,94
5268,Student_5268,84,69
5269,Student_5269,53,97
5270,Student_5270,58,81
5271,Student_5271,68,95
5272,Student_5272,91,63
5273,Student_5273,52,69
5274,Student_5274,82,67
5275,Student_5275,90,61
5276,Student_5276,91,75
5277,Student_5277,83,60
5278,Student_5278,84,85
5279,Student_5279,87,80
5280,Student_5280,81,55
5281,Student_5281,64,88
5282,Student_5282,94,76
5283,Student_5283,83,77
5284,Student_5284,56,85
5285,Student_5285,78,89
5286,Student_5286,54,57
5287,Student_5287,70,76
5288,Student_5288,89,60
5289,Student_5289,63,58
5290,Student_5290,74,65
5291,Student_5291,79,53
5292,Student_5292,85,52
5293,Student_5293,56,58
5294,Student_5294,56,82
5295,Student_5295,73,99
5296,Student_5296,60,89
5297,Student_5297,79,62
5298,Student_5298,62,93
5299,Student_5299,90,75
5300,Student_5300,61,57
5301,Student_5301,54,93
5302,Student_5302,56,62
5303,Student_5303,66,72
5304,Student_5304,65,97
5305,Student_5305,91,68
5306,Student_5306,88,54
5307,Student_5307,73,75
5308,Student_5308,87,80
5309,Student_5309,53,55
5310,Student_5310,79,91
5311,Student_5311,83,68
5312,Student_5312,78,83
5313,Student_5313,97,97
5314,Student_5314,55,57
5315,Student_5315,50,86
5316,Student_5316,64,100
5317,Student_5317,93,52
5318,Student_5318,50,52
5319,Student_5319,51,79
5320,Student_5320,91,86
5321,Student_5321,88,92
5322,Student_5322,97,65
5323,Student_5323,73,74
5324,Student_5324,79,73
5325,Student_5325,92,77
5326,Student_5326,90,84
5327,Student_5327,80,56
5328,Student_5328,86,82
5329,Student_5329,87,59
5330,Student_5330,64,80
5331,Student_5331,96,60
5332,Student_5332,87,63
5333,Student_5333,82,92
5334,Student_5334,80,76
5335,Student_5335,65,82
5336,Student_5336,62,69
5337,Student_5337,90,67
5338,Student_5338,52,62
5339,Student_5339,65,60
5340,Student_5340,81,69
5341,Student_5341,70,52
5342,Student_5342,81,63
5343,Student_5343,82,61
5344,Student_5344,91,87
5345,Student_5345,66,91
5346,Student_5346,99,72
5347,Student_5347,74,85
5348,Student_5348,58,86
5349,Student_5349,82,75
5350,Student_5350,54,58
5351,Student_5351,80,94
5352,Student_5352,58,95
5353,Student_5353,64,84
5354,Student_5354,73,68
5355,Student_5355,88,99
5356,Student_5356,64,79
5357,Student_5357,77,100
5358,Student_5358,60,66
5359,Student_5359,63,90
5360,Student_5360,60,88
5361,Student_5361,91,77
5362,Student_5362,83,88
5363,Student_5363,62,84
5364,Student_5364,64,60
5365,Student_5365,98,67
5366,Student_5366,85,60
5367,Student_5367,52,100
5368,Student_5368,93,85
5369,Student_5369,95,94
5370,Student_5370,84,74
5371,Student_5371,56,84
5372,Student_5372,97,97
5373,Student_5373,58,73
5374,Student_5374,66,76
5375,Student_5375,85,100
5376,Student_5376,68,74
5377,Student_5377,78,60
5378,Student_5378,59,88
5379,Student_5379,53,86
5380,Student_5380,53,50
5381,Student_5381,94,79
5382,Student_5382,77,95
5383,Student_5383,86,58
5384,Student_5384,83,88
5385,Student_5385,64,63
5386,Student_5386,55,64
5387,Student_5387,62,69
5388,Student_5388,62,78
5389,Student_5389,53,67
5390,Student_5390,79,92
5391,Student_5391,94,62
5392,Student_5392,76,58
5393,Student_5393,51,72
5394,Student_5394,66,100
5395,Student_5395,57,58
5396,Student_5396,76,94
5397,Student_5397,50,97
5398,Student_5398,83,96
5399,Student_5399,94,82
5400,Student_5400,91,52
5401,Student_5401,75,75
5402,Student_5402,59,98
5403,Student_5403,100,84
5404,Student_5404,78,51
5405,Student_5405,71,73
5406,Student_5406,79,96
5407,Student_5407,91,77
5408,Student_5408,97,73
5409,Student_5409,56,79
5410,Student_5410,57,95
5411,Student_5411,59,83
5412,Student_5412,64,65
5413,Student_5413,65,99
5414,Student_5414,75,56
5415,Student_5415,95,64
5416,Student_5416,52,97
5417,Student_5417,85,96
5418,Student_5418,77,91
5419,Student_5419,66,94
5420,Student_5420,65,53
5421,Student_5421,70,57
5422,Student_5422,96,93
5423,Student_5423,60,57
5424,Student_5424,51,72
5425,Student_5425,71,76
5426,Student_5426,86,52
5427,Student_5427,77,67
5428,Student_5428,77,66
5429,Student_5429,97,99
5430,Student_5430,53,94
5431,Student_5431,90,91
5432,Student_5432,77,65
5433,Student_5433,97,69
5434,Student_5434,91,82
5435,Student_5435,89,55
5436,Student_5436,96,70
5437,Student_5437,98,58
5438,Student_5438,93,74
5439,Student_5439,82,79
5440,Student_5440,71,95
5441,Student_5441,67,97
5442,Student_5442,69,71
5443,Student_5443,86,97
5444,Student_5444,58,63
5445,Student_5445,58,61
5446,Student_5446,64,77
5447,Student_5447,95,54
5448,Student_5448,73,63
5449,Student_5449,99,89
5450,Student_5450,65,91
5451,Student_5451,53,51
5452,Student_5452,70,87
5453,Student_5453,51,69
5454,Student_5454,74,69
5455,Student_5455,64,83
5456,Student_5456,89,63
5457,Student_5457,82,74
5458,Student_5458,60,52
5459,Student_5459,64,70
5460,Student_5460,92,91
5461,Student_5461,86,50
5462,Student_5462,98,72
5463,Student_5463,54,61
5464,Student_5464,89,72
5465,Student_5465,62,52
5466,Student_5466,72,84
5467,Student_5467,70,84
5468,Student_5468,91,99
5469,Student_5469,91,100
5470,Student_5470,82,54
5471,Student_5471,100,98
5472,Student_5472,63,53
5473,Student_5473,73,90
5474,Student_5474,86,100
5475,Student_5475,75,97
5476,Student_5476,53,97
5477,Student_5477,76,65
5478,Student_5478,69,61
5479,Student_5479,69,92
5480,Student_5480,80,100
5481,Student_5481,93,99
5482,Student_5482,66,58
5483,Student_5483,57,80
5484,Student_5484,52,91
5485,Student_5485,93,68
5486,Student_5486,100,74
5487,Student_5487,83,85
5488,Student_5488,90,57
5489,Student_5489,67,54
5490,Student_5490,89,64
5491,Student_5491,98,70
5492,Student_5492,77,88
5493,Student_5493,96,68
5494,Student_5494,78,53
5495,Student_5495,70,74
5496,Student_5496,71,77
5497,Student_5497,63,83
5498,Student_5498,64,94
5499,Student_5499,72,62
5500,Student_5500,65,67
5501,Student_5501,97,93
5502,Student_5502,65,71
5503,Student_5503,87,70
5504,Student_5504,88,58
5505,Student_5505,66,58
5506,Student_5506,93,71
5507,Student_5507,70,73
5508,Student_5508,63,84
5509,Student_5509,52,89
5510,Student_5510,55,89
5511,Student_5511,78,91
5512,Student_5512,80,72
5513,Student_5513,95,93
5514,Student_5514,77,89
5515,Student_5515,70,72
5516,Student_5516,51,97
5517,Student_5517,74,65
5518,Student_5518,74,86
5519,Student_5519,77,75
5520,Student_5520,66,57
5521,Student_5521,78,76
5522,Student_5522,58,88
5523,Student_5523,68,54
5524,Student_5524,55,53
5525,Student_5525,70,60
5526,Student_5526,69,90
5527,Student_5527,87,52
5528,Student_5528,83,81
5529,Student_5529,57,77
5530,Student_5530,70,96
5531,Student_5531,79,61
5532,Student_5532,86,92
5533,Student_5533,71,98
5534,Student_5534,65,84
5535,Student_5535,59,78
5536,Student_5536,79,75
5537,Student_5537,98,65
5538,Student_5538,56,100
5539,Student_5539,67,67
5540,Student_5540,59,86
5541,Student_5541,76,95
5542,Student_5542,72,68
5543,Student_5543,100,80
5544,Student_5544,72,70
5545,Student_5545,61,51
5546,Student_5546,52,77
5547,Student_5547,62,54
5548,Student_5548,89,56
5549,Student_5549,69,52
5550,Student_5550,90,86
5551,Student_5551,67,70
5552,Student_5552,70,76
5553,Student_5553,75,76
5554,Student_5554,72,85
5555,Student_5555,61,93
5556,Student_5556,67,68
5557,Student_5557,87,56
5558,Student_5558,97,80
5559,Student_5559,78,74
5560,Student_5560,80,75
5561,Student_5561,51,85
5562,Student_5562,64,94
5563,Student_5563,82,98
5564,Student_5564,68,93
5565,Student_5565,63,87
5566,Student_5566,66,74
5567,Student_5567,53,89
5568,Student_5568,86,59
5569,Student_5569,89,69
5570,Student_5570,68,85
5571,Student_5571,55,94
5572,Student_5572,89,51
5573,Student_5573,85,78
5574,Student_5574,94,58
5575,Student_5575,72,73
5576,Student_5576,83,51
5577,Student_5577,69,63
5578,Student_5578,62,56
5579,Student_5579,95,91
5580,Student_5580,57,58
5581,Student_5581,99,72
5582,Student_5582,78,77
5583,Student_5583,94,74
5584,Student_5584,62,52
5585,Student_5585,95,72
5586,Student_5586,64,69
5587,Student_5587,69,53
5588,Student_5588,77,96
5589,Student_5589,80,60
5590,Student_5590,59,98
5591,Student_5591,56,79
5592,Student_5592,89,65
5593,Student_5593,81,98
5594,Student_5594,58,92
5595,Student_5595,70,96
5596,Student_5596,60,59
5597,Student_5597,91,84
5598,Student_5598,59,50
5599,Student_5599,54,74
5600,Student_5600,66,72
5601,Student_5601,93,94
5602,Student_5602,63,56
5603,Student_5603,83,96
5604,Student_5604,85,98
5605,Student_5605,90,68
5606,Student_5606,72,100
5607,Student_5607,93,68
5608,Student_5608,100,69
5609,Student_5609,72,98
5610,Student_5610,67,59
5611,Student_5611,82,99
5612,Student_5612,51,73
5613,Student_5613,61,54
5614,Student_5614,99,78
5615,Student_5615,89,69
5616,Student_5616,56,100
5617,Student_5617,77,55
5618,Student_5618,70,50
5619,Student_5619,62,62
5620,Student_5620,90,50
5621,Student_5621,88,52
5622,Student_5622,73,72
5623,Student_5623,52,90
5624,Student_5624,81,99
5625,Student_5625,63,93
5626,Student_5626,54,75
5627,Student_5627,85,50
5628,Student_5628,74,98
5629,Student_5629,63,87
5630,Student_5630,71,66
5631,Student_5631,77,54
5632,Student_5632,56,68
5633,Student_5633,59,81
5634,Student_5634,77,84
5635,Student_5635,82,93
5636,Student_5636,65,81
5637,Student_5637,75,68
5638,Student_5638,85,57
5639,Student_5639,71,88
5640,Student_5640,100,70
5641,Student_5641,99,76
5642,Student_5642,53,59
5643,Student_5643,58,82
5644,Student_5644,51,74
5645,Student_5645,54,71
5646,Student_5646,67,70
5647,Student_5647,58,61
5648,Student_5648,56,64
5649,Student_5649,88,98
5650,Student_5650,92,64
5651,Student_5651,51,77
5652,Student_5652,85,88
5653,Student_5653,67,96
5654,Student_5654,89,66
5655,Student_5655,78,55
5656,Student_5656,69,61
5657,Student_5657,96,55
5658,Student_5658,72,73
5659,Student_5659,58,74
5660,Student_5660,75,96
5661,Student_5661,64,76
5662,Student_5662,67,84
5663,Student_5663,71,88
5664,Student_5664,95,80
5665,Student_5665,66,72
5666,Student_5666,52,87
5667,Student_5667,92,55
5668,Student_5668,82,100
5669,Student_5669,83,96
5670,Student_5670,71,79
5671,Student_5671,55,75
5672,Student_5672,68,65
5673,Student_5673,66,54
5674,Student_5674,59,53
5675,Student_5675,79,96
5676,Student_5676,82,52
5677,Student_5677,74,83
5678,Student_5678,77,85
5679,Student_5679,85,80
5680,Student_5680,76,50
5681,Student_5681,54,88
5682,Student_5682,90,67
5683,Student_5683,75,85
5684,Student_5684,83,83
5685,Student_5685,50,95
5686,Student_5686,56,66
5687,Student_5687,52,76
5688,Student_5688,75,73
5689,Student_5689,77,98
5690,Student_5690,78,98
5691,Student_5691,59,55
5692,Student_5692,83,76
5693,Student_5693,97,57
5694,Student_5694,53,72
5695,Student_5695,92,58
5696,Student_5696,87,68
5697,Student_5697,75,66
5698,Student_5698,65,65
5699,Student_5699,53,80
5700,Student_5700,55,59
5701,Student_5701,100,64
5702,Student_5702,86,54
5703,Student_5703,85,65
5704,Student_5704,86,79
5705,Student_5705,65,50
5706,Student_5706,84,95
5707,Student_5707,90,68
5708,Student_5708,69,93
5709,Student_5709,91,62
5710,Student_5710,56,81
5711,Student_5711,66,91
5712,Student_5712,99,70
5713,Student_5713,99,76
5714,Student_5714,79,88
5715,Student_5715,53,99
5716,Student_5716,51,82
5717,Student_5717,58,59
5718,Student_5718,53,74
5719,Student_5719,85,89
5720,Student_5720,64,85
5721,Student_5721,79,95
5722,Student_5722,57,100
5723,Student_5723,54,80
5724,Student_5724,52,77
5725,Student_5725,72,68
5726,Student_5726,66,100
5727,Student_5727,95,64
5728,Student_5728,69,68
5729,Student_5729,51,84
5730,Student_5730,96,98
5731,Student_5731,78,73
5732,Student_5732,54,54
5733,Student_5733,93,62
5734,Student_5734,100,95
5735,Student_5735,91,72
5736,Student_5736,68,90
5737,Student_5737,66,95
5738,Student_5738,71,96
5739,Student_5739,57,94
5740,Student_5740,84,68
5741,Student_5741,78,97
5742,Student_5742,78,96
5743,Student_5743,94,72
5744,Student_5744,53,50
5745,Student_5745,85,50
5746,Student_5746,93,68
5747,Student_5747,75,64
5748,Student_5748,93,66
5749,Student_5749,63,76
5750,Student_5750,98,84
5751,Student_5751,64,51
5752,Student_5752,61,62
5753,Student_5753,94,55
5754,Student_5754,90,71
5755,Student_5755,62,64
5756,Student_5756,71,72
5757,Student_5757,89,54
5758,Student_5758,77,73
5759,Student_5759,56,78
5760,Student_5760,84,98
5761,Student_5761,75,52
5762,Student_5762,93,94
5763,Student_5763,98,95
5764,Student_5764,72,85
5765,Student_5765,93,61
5766,Student_5766,67,100
5767,Student_5767,69,69
5768,Student_5768,67,54
5769,Student_5769,53,53
5770,Student_5770,73,81
5771,Student_5771,76,73
5772,Student_5772,61,63
5773,Student_5773,100,51
5774,Student_5774,82,80
5775,Student_5775,67,83
5776,Student_5776,94,71
5777,Student_5777,77,84
5778,Student_5778,95,92
5779,Student_5779,63,85
5780,Student_5780,78,81
5781,Student_5781,77,61
5782,Student_5782,82,86
5783,Student_5783,50,76
5784,Student_5784,74,73
5785,Student_5785,79,68
5786,Student_5786,98,86
5787,Student_5787,52,85
5788,Student_5788,60,96
5789,Student_5789,74,69
5790,Student_5790,55,88
5791,Student_5791,65,69
5792,Student_5792,80,64
5793,Student_5793,55,89
5794,Student_5794,63,62
5795,Student_5795,61,70
5796,Student_5796,53,92
5797,Student_5797,57,87
5798,Student_5798,100,61
5799,Student_5799,81,88
5800,Student_5800,55,81
5801,Student_5801,79,79
5802,Student_5802,51,77
5803,Student_5803,57,73
5804,Student_5804,61,61
5805,Student_5805,50,59
5806,Student_5806,61,52
5807,Student_5807,99,75
5808,Student_5808,95,76
5809,Student_5809,50,62
5810,Student_5810,85,64
5811,Student_5811,64,68
5812,Student_5812,93,65
5813,Student_5813,61,100
5814,Student_5814,56,91
5815,Student_5815,89,59
5816,Student_5816,95,50
5817,Student_5817,90,80
5818,Student_5818,80,63
5819,Student_5819,82,95
5820,Student_5820,89,88
5821,Student_5821,70,88
5822,Student_5822,64,75
5823,Student_5823,97,95
5824,Student_5824,66,96
5825,Student_5825,64,96
5826,Student_5826,71,80
5827,Student_5827,79,90
5828,Student_5828,51,50
5829,Student_5829,93,79
5830,Student_5830,90,82
5831,Student_5831,68,100
5832,Student_5832,85,60
5833,Student_5833,68,88
5834,Student_5834,76,97
5835,Student_5835,90,72
5836,Student_5836,98,60
5837,Student_5837,90,65
5838,Student_5838,87,75
5839,Student_5839,78,91
5840,Student_5840,64,74
5841,Student_5841,91,87
5842,Student_5842,56,88
5843,Student_5843,53,95
5844,Student_5844,55,72
5845,Student_5845,92,64
5846,Student_5846,97,81
5847,Student_5847,64,66
5848,Student_5848,76,95
5849,Student_5849,78,97
5850,Student_5850,80,84
5851,Student_5851,86,60
5852,Student_5852,100,66
5853,Student_5853,77,86
5854,Student_5854,52,65
5855,Student_5855,57,95
5856,Student_5856,51,89
5857,Student_5857,99,86
5858,Student_5858,74,66
5859,Student_5859,94,59
5860,Student_5860,60,55
5861,Student_5861,52,93
5862,Student_5862,72,55
5863,Student_5863,63,89
5864,Student_5864,51,63
5865,Student_5865,65,82
5866,Student_5866,61,88
5867,Student_5867,85,85
5868,Student_5868,64,77
5869,Student_5869,90,82
5870,Student_5870,93,56
5871,Student_5871,77,69
5872,Student_5872,62,55
5873,Student_5873,85,86
5874,Student_5874,68,51
5875,Student_5875,60,99
5876,Student_5876,53,57
5877,Student_5877,94,59
5878,Student_5878,82,93
5879,Student_5879,99,94
5880,Student_5880,57,57
5881,Student_5881,62,92
5882,Student_5882,66,77
5883,Student_5883,97,52
5884,Student_5884,84,53
5885,Student_5885,83,71
5886,Student_5886,57,54
5887,Student_5887,58,82
5888,Student_5888,73,67
5889,Student_5889,52,80
5890,Student_5890,84,81
5891,Student_5891,58,60
5892,Student_5892,51,99
5893,Student_5893,80,65
5894,Student_5894,57,91
5895,Student_5895,58,52
5896,Student_5896,58,69
5897,Student_5897,58,68
5898,Student_5898,100,72
5899,Student_5899,78,84
5900,Student_5900,57,53
5901,Student_5901,74,56
5902,Student_5902,93,67
5903,Student_5903,87,85
5904,Student_5904,83,57
5905,Student_5905,64,81
5906,Student_5906,72,94
5907,Student_5907,84,67
5908,Student_5908,88,93
5909,Student_5909,71,63
5910,Student_5910,78,86
5911,Student_5911,54,97
5912,Student_5912,72,54
5913,Student_5913,89,78
5914,Student_5914,95,82
5915,Student_5915,94,68
5916,Student_5916,81,86
5917,Student_5917,59,94
5918,Student_5918,61,61
5919,Student_5919,59,94
5920,Student_5920,71,91
5921,Student_5921,91,92
5922,Student_5922,97,57
5923,Student_5923,72,86
5924,Student_5924,60,67
5925,Student_5925,70,71
5926,Student_5926,62,87
5927,Student_5927,56,51
5928,Student_5928,72,66
5929,Student_5929,96,54
5930,Student_5930,67,80
5931,Student_5931,84,70
5932,Student_5932,90,68
5933,Student_5933,83,92
5934,Student_5934,79,72
5935,Student_5935,70,91
5936,Student_5936,74,92
5937,Student_5937,80,61
5938,Student_5938,80,74
5939,Student_5939,84,64
5940,Student_5940,59,76
5941,Student_5941,56,69
5942,Student_5942,96,91
5943,Student_5943,90,64
5944,Student_5944,100,100
5945,Student_5945,84,100
5946,Student_5946,80,99
5947,Student_5947,90,92
5948,Student_5948,64,52
5949,Student_5949,53,79
5950,Student_5950,92,80
5951,Student_5951,75,81
5952,Student_5952,91,54
5953,Student_5953,79,70
5954,Student_5954,61,55
5955,Student_5955,98,69
5956,Student_5956,86,89
5957,Student_5957,51,54
5958,Student_5958,66,77
5959,Student_5959,65,86
5960,Student_5960,100,78
5961,Student_5961,71,73
5962,Student_5962,84,97
5963,Student_5963,79,64
5964,Student_5964,71,84
5965,Student_5965,100,100
5966,Student_5966,87,96
5967,Student_5967,96,89
5968,Student_5968,87,70
5969,Student_5969,79,99
5970,Student_5970,76,89
5971,Student_5971,75,97
5972,Student_5972,94,83
5973,Student_5973,100,83
5974,Student_5974,85,64
5975,Student_5975,76,89
5976,Student_5976,58,80
5977,Student_5977,79,84
5978,Student_5978,96,55
5979,Student_5979,61,59
5980,Student_5980,61,100
5981,Student_5981,61,71
5982,Student_5982,68,78
5983,Student_5983,98,74
5984,Student_5984,61,86
5985,Student_5985,89,87
5986,Student_5986,98,96
5987,Student_5987,62,81
5988,Student_5988,81,96
5989,Student_5989,61,76
5990,Student_5990,64,92
5991,Student_5991,58,67
5992,Student_5992,65,76
5993,Student_5993,58,81
5994,Student_5994,82,52
5995,Student_5995,59,92
5996,Student_5996,59,82
5997,Student_5997,99,60
5998,Student_5998,75,56
5999,Student_5999,97,92
6000,Student_6000,87,60
6001,Student_6001,83,83
6002,Student_6002,68,75
6003,Student_6003,60,96
6004,Student_6004,81,79
6005,Student_6005,83,66
6006,Student_6006,86,91
6007,Student_6007,84,74
6008,Student_6008,76,58
6009,Student_6009,77,96
6010,Student_6010,63,60
6011,Student_6011,90,80
6012,Student_6012,79,83
6013,Student_6013,84,75
6014,Student_6014,90,81
6015,Student_6015,71,62
6016,Student_6016,72,72
6017,Student_6017,75,70
6018,Student_6018,89,93
6019,Student_6019,97,71
6020,Student_6020,68,65
6021,Student_6021,88,65
6022,Student_6022,88,58
6023,Student_6023,60,51
6024,Student_6024,69,60
6025,Student_6025,69,79
6026,Student_6026,67,87
6027,Student_6027,83,58
6028,Student_6028,68,52
6029,Student_6029,96,85
6030,Student_6030,89,71
6031,Student_6031,73,71
6032,Student_6032,92,76
6033,Student_6033,63,78
6034,Student_6034,98,54
6035,Student_6035,72,100
6036,Student_6036,51,52
6037,Student_6037,90,85
6038,Student_6038,98,83
6039,Student_6039,66,76
6040,Student_6040,52,94
6041,Student_6041,81,56
6042,Student_6042,95,63
6043,Student_6043,53,80
6044,Student_6044,63,98
6045,Student_6045,78,99
6046,Student_6046,98,88
6047,Student_6047,58,100
6048,Student_6048,56,93
6049,Student_6049,80,53
6050,Student_6050,76,91
6051,Student_6051,96,55
6052,Student_6052,83,65
6053,Student_6053,90,87
6054,Student_6054,67,61
6055,Student_6055,57,87
6056,Student_6056,68,94
6057,Student_6057,59,85
6058,Student_6058,74,82
6059,Student_6059,95,97
6060,Student_6060,95,67
6061,Student_6061,76,75
6062,Student_6062,59,84
6063,Student_6063,51,59
6064,Student_6064,51,73
6065,Student_6065,65,66
6066,Student_6066,53,70
6067,Student_6067,73,85
6068,Student_6068,81,100
6069,Student_6069,87,90
6070,Student_6070,98,52
6071,Student_6071,76,75
6072,Student_6072,79,91
6073,Student_6073,81,78
6074,Student_6074,58,57
6075,Student_6075,56,81
6076,Student_6076,61,96
6077,Student_6077,98,51
6078,Student_6078,92,98
6079,Student_6079,76,56
6080,Student_6080,65,58
6081,Student_6081,58,71
6082,Student_6082,52,57
6083,Student_6083,50,75
6084,Student_6084,88,92
6085,Student_6085,90,66
6086,Student_6086,90,58
6087,Student_6087,54,92
6088,Student_6088,85,65
6089,Student_6089,94,51
6090,Student_6090,100,73
6091,Student_6091,77,52
6092,Student_6092,72,52
6093,Student_6093,76,76
6094,Student_6094,59,79
6095,Student_6095,66,89
6096,Student_6096,70,77
6097,Student_6097,90,98
6098,Student_6098,88,99
6099,Student_6099,95,71
6100,Student_6100,69,81
6101,Student_6101,78,81
6102,Student_6102,89,60
6103,Student_6103,91,81
6104,Student_6104,81,87
6105,Student_6105,63,98
6106,Student_6106,87,78
6107,Student_6107,81,61
6108,Student_6108,90,78
6109,Student_6109,90,53
6110,Student_6110,73,79
6111,Student_6111,58,88
6112,Student_6112,73,92
6113,Student_6113,88,77
6114,Student_6114,80,62
6115,Student_6115,68,52
6116,Student_6116,93,60
6117,Student_6117,95,77
6118,Student_6118,58,82
6119,Student_6119,53,81
6120,Student_6120,87,58
6121,Student_6121,90,76
6122,Student_6122,84,50
6123,Student_6123,62,87
6124,Student_6124,83,95
6125,Student_6125,86,65
6126,Student_6126,69,91
6127,Student_6127,61,83
6128,Student_6128,79,80
6129,Student_6129,98,62
6130,Student_6130,92,66
6131,Student_6131,73,79
6132,Student_6132,87,86
6133,Student_6133,80,67
6134,Student_6134,52,55
6135,Student_6135,88,78
6136,Student_6136,70,91
6137,Student_6137,76,93
6138,Student_6138,92,85
6139,Student_6139,98,56
6140,Student_6140,73,51
6141,Student_6141,68,69
6142,Student_6142,70,92
6143,Student_6143,96,97
6144,Student_6144,77,92
6145,Student_6145,80,93
6146,Student_6146,64,76
6147,Student_6147,91,71
6148,Student_6148,92,72
6149,Student_6149,60,78
6150,Student_6150,66,82
6151,Student_6151,56,98
6152,Student_6152,86,52
6153,Student_6153,80,65
6154,Student_6154,57,95
6155,Student_6155,52,67
6156,Student_6156,90,93
6157,Student_6157,53,69
6158,Student_6158,91,76
6159,Student_6159,81,80
6160,Student_6160,99,93
6161,Student_6161,51,59
6162,Student_6162,56,80
6163,Student_6163,54,67
6164,Student_6164,67,95
6165,Student_6165,88,86
6166,Student_6166,88,74
6167,Student_6167,92,98
6168,Student_6168,82,70
6169,Student_6169,93,89
6170,Student_6170,76,98
6171,Student_6171,80,63
6172,Student_6172,81,75
6173,Student_6173,84,66
6174,Student_6174,90,80
6175,Student_6175,82,90
6176,Student_6176,97,96
6177,Student_6177,97,89
6178,Student_6178,69,72
6179,Student_6179,73,70
6180,Student_6180,57,87
6181,Student_6181,61,96
6182,Student_6182,99,72
6183,Student_6183,78,52
6184,Student_6184,75,66
6185,Student_6185,58,75
6186,Student_6186,90,54
6187,Student_6187,78,92
6188,Student_6188,76,98
6189,Student_6189,50,96
6190,Student_6190,82,55
6191,Student_6191,83,57
6192,Student_6192,91,64
6193,Student_6193,96,99
6194,Student_6194,51,50
6195,Student_6195,83,78
6196,Student_6196,99,98
6197,Student_6197,92,97
6198,Student_6198,79,87
6199,Student_6199,53,86
6200,Student_6200,70,89
6201,Student_6201,81,92
6202,Student_6202,51,72
6203,Student_6203,77,76
6204,Student_6204,86,97
6205,Student_6205,51,81
6206,Student_6206,93,88
6207,Student_6207,97,94
6208,Student_6208,93,71
6209,Student_6209,81,51
6210,Student_6210,99,78
6211,Student_6211,61,71
6212,Student_6212,99,99
6213,Student_6213,97,97
6214,Student_6214,66,56
6215,Student_6215,79,54
6216,Student_6216,69,89
6217,Student_6217,67,85
6218,Student_6218,93,54
6219,Student_6219,90,93
6220,Student_6220,69,83
6221,Student_6221,68,86
6222,Student_6222,87,87
6223,Student_6223,61,80
6224,Student_6224,83,83
6225,Student_6225,96,80
6226,Student_6226,66,79
6227,Student_6227,70,94
6228,Student_6228,69,69
6229,Student_6229,59,71
6230,Student_6230,97,64
6231,Student_6231,95,91
6232,Student_6232,62,71
6233,Student_6233,99,100
6234,Student_6234,71,63
6235,Student_6235,76,84
6236,Student_6236,61,97
6237,Student_6237,50,94
6238,Student_6238,50,82
6239,Student_6239,53,91
6240,Student_6240,83,67
6241,Student_6241,100,58
6242,Student_6242,78,77
6243,Student_6243,76,92
6244,Student_6244,76,76
6245,Student_6245,90,60
6246,Student_6246,90,82
6247,Student_6247,94,55
6248,Student_6248,85,64
6249,Student_6249,56,97
6250,Student_6250,98,81
6251,Student_6251,74,50
6252,Student_6252,65,60
6253,Student_6253,85,72
6254,Student_6254,59,51
6255,Student_6255,52,95
6256,Student_6256,67,61
6257,Student_6257,71,52
6258,Student_6258,100,87
6259,Student_6259,93,82
6260,Student_6260,86,79
6261,Student_6261,69,95
6262,Student_6262,88,56
6263,Student_6263,50,65
6264,Student_6264,66,91
6265,Student_6265,85,71
6266,Student_6266,61,59
6267,Student_6267,67,96
6268,Student_6268,95,73
6269,Student_6269,64,57
6270,Student_6270,92,75
6271,Student_6271,89,98
6272,Student_6272,80,76
6273,Student_6273,60,52
6274,Student_6274,65,92
6275,Student_6275,52,98
6276,Student_6276,90,100
6277,Student_6277,55,99
6278,Student_6278,80,58
6279,Student_6279,93,59
6280,Student_6280,73,80
6281,Student_6281,60,56
6282,Student_6282,87,63
6283,Student_6283,75,92
6284,Student_6284,65,87
6285,Student_6285,85,72
6286,Student_6286,98,78
6287,Student_6287,61,55
6288,Student_6288,88,53
6289,Student_6289,50,81
6290,Student_6290,90,69
6291,Student_6291,60,55
6292,Student_6292,92,56
6293,Student_6293,73,97
6294,Student_6294,51,87
6295,Student_6295,70,93
6296,Student_6296,82,84
6297,Student_6297,59,86
6298,Student_6298,85,55
6299,Student_6299,62,83
6300,Student_6300,95,69
6301,Student_6301,87,70
6302,Student_6302,51,64
6303,Student_6303,56,67
6304,Student_6304,76,72
6305,Student_6305,56,72
6306,Student_6306,72,87
6307,Student_6307,92,52
6308,Student_6308,80,80
6309,Student_6309,54,83
6310,Student_6310,64,77
6311,Student_6311,85,76
6312,Student_6312,78,84
6313,Student_6313,65,82
6314,Student_6314,72,58
6315,Student_6315,55,93
6316,Student_6316,68,76
6317,Student_6317,99,69
6318,Student_6318,73,52
6319,Student_6319,73,75
6320,Student_6320,90,88
6321,Student_6321,51,80
6322,Student_6322,96,94
6323,Student_6323,79,92
6324,Student_6324,70,100
6325,Student_6325,97,100
6326,Student_6326,86,53
6327,Student_6327,69,61
6328,Student_6328,55,71
6329,Student_6329,55,69
6330,Student_6330,53,95
6331,Student_6331,51,94
6332,Student_6332,90,61
6333,Student_6333,58,62
6334,Student_6334,76,56
6335,Student_6335,58,59
6336,Student_6336,80,98
6337,Student_6337,91,98
6338,Student_6338,89,61
6339,Student_6339,62,73
6340,Student_6340,73,93
6341,Student_6341,80,97
6342,Student_6342,57,64
6343,Student_6343,85,78
6344,Student_6344,55,62
6345,Student_6345,100,84
6346,Student_6346,68,77
6347,Student_6347,75,100
6348,Student_6348,80,78
6349,Student_6349,100,79
6350,Student_6350,73,66
6351,Student_6351,86,60
6352,Student_6352,78,64
6353,Student_6353,76,83
6354,Student_6354,84,89
6355,Student_6355,70,80
6356,Student_6356,94,62
6357,Student_6357,70,94
6358,Student_6358,70,73
6359,Student_6359,97,97
6360,Student_6360,53,93
6361,Student_6361,52,78
6362,Student_6362,89,99
6363,Student_6363,96,85
6364,Student_6364,79,80
6365,Student_6365,53,72
6366,Student_6366,92,51
6367,Student_6367,53,100
6368,Student_6368,63,71
6369,Student_6369,66,83
6370,Student_6370,88,57
6371,Student_6371,89,62
6372,Student_6372,84,67
6373,Student_6373,92,84
6374,Student_6374,85,68
6375,Student_6375,71,64
6376,Student_6376,51,56
6377,Student_6377,69,69
6378,Student_6378,52,50
6379,Student_6379,65,51
6380,Student_6380,69,75
6381,Student_6381,55,94
6382,Student_6382,98,61
6383,Student_6383,59,98
6384,Student_6384,73,62
6385,Student_6385,52,88
6386,Student_6386,80,78
6387,Student_6387,84,68
6388,Student_6388,71,66
6389,Student_6389,92,76
6390,Student_6390,66,87
6391,Student_6391,76,94
6392,Student_6392,83,81
6393,Student_6393,79,99
6394,Student_6394,53,68
6395,Student_6395,84,76
6396,Student_6396,100,74
6397,Student_6397,60,84
6398,Student_6398,66,79
6399,Student_6399,94,60
6400,Student_6400,72,76
6401,Student_6401,91,92
6402,Student_6402,70,81
6403,Student_6403,54,75
6404,Student_6404,83,63
6405,Student_6405,70,90
6406,Student_6406,56,54
6407,Student_6407,91,66
6408,Student_6408,63,84
6409,Student_6409,76,61
6410,Student_6410,57,100
6411,Student_6411,55,68
6412,Student_6412,60,68
6413,Student_6413,71,58
6414,Student_6414,94,66
6415,Student_6415,89,55
6416,Student_6416,89,78
6417,Student_6417,94,96
6418,Student_6418,94,74
6419,Student_6419,80,76
6420,Student_6420,86,66
6421,Student_6421,76,92
6422,Student_6422,57,99
6423,Student_6423,94,84
6424,Student_6424,70,98
6425,Student_6425,61,70
6426,Student_6426,55,68
6427,Student_6427,76,79
6428,Student_6428,82,89
6429,Student_6429,59,55
6430,Student_6430,61,67
6431,Student_6431,68,72
6432,Student_6432,90,71
6433,Student_6433,79,84
6434,Student_6434,75,96
6435,Student_6435,84,66
6436,Student_6436,81,98
6437,Student_6437,60,53
6438,Student_6438,50,60
6439,Student_6439,64,84
6440,Student_6440,83,73
6441,Student_6441,95,51
6442,Student_6442,83,96
6443,Student_6443,80,51
6444,Student_6444,61,83
6445,Student_6445,50,66
6446,Student_6446,98,88
6447,Student_6447,57,76
6448,Student_6448,95,79
6449,Student_6449,56,52
6450,Student_6450,81,80
6451,Student_6451,74,81
6452,Student_6452,79,56
6453,Student_6453,53,52
6454,Student_6454,53,84
6455,Student_6455,89,64
6456,Student_6456,66,60
6457,Student_6457,77,75
6458,Student_6458,70,78
6459,Student_6459,78,99
6460,Student_6460,64,93
6461,Student_6461,64,63
6462,Student_6462,54,83
6463,Student_6463,98,60
6464,Student_6464,71,96
6465,Student_6465,54,79
6466,Student_6466,64,93
6467,Student_6467,53,56
6468,Student_6468,95,53
6469,Student_6469,82,56
6470,Student_6470,55,88
6471,Student_6471,64,97
6472,Student_6472,57,74
6473,Student_6473,90,52
6474,Student_6474,80,67
6475,Student_6475,51,54
6476,Student_6476,89,56
6477,Student_6477,61,61
6478,Student_6478,66,89
6479,Student_6479,74,74
6480,Student_6480,57,98
6481,Student_6481,58,64
6482,Student_6482,55,86
6483,Student_6483,79,62
6484,Student_6484,81,98
6485,Student_6485,87,82
6486,Student_6486,69,89
6487,Student_6487,88,73
6488,Student_6488,61,62
6489,Student_6489,51,59
6490,Student_6490,70,88
6491,Student_6491,77,52
6492,Student_6492,86,62
6493,Student_6493,69,71
6494,Student_6494,78,92
6495,Student_6495,53,53
6496,Student_6496,97,55
6497,Student_6497,80,76
6498,Student_6498,70,97
6499,Student_6499,83,61
6500,Student_6500,71,93
6501,Student_6501,68,73
6502,Student_6502,61,52
6503,Student_6503,96,96
6504,Student_6504,80,71
6505,Student_6505,90,100
6506,Student_6506,94,59
6507,Student_6507,94,70
6508,Student_6508,98,74
6509,Student_6509,85,68
6510,Student_6510,96,90
6511,Student_6511,99,92
6512,Student_6512,95,75
6513,Student_6513,80,89
6514,Student_6514,61,75
6515,Student_6515,68,58
6516,Student_6516,67,93
6517,Student_6517,52,98
6518,Student_6518,88,84
6519,Student_6519,69,74
6520,Student_6520,89,88
6521,Student_6521,53,53
6522,Student_6522,61,64
6523,Student_6523,99,71
6524,Student_6524,87,82
6525,Student_6525,71,64
6526,Student_6526,51,84
6527,Student_6527,54,76
6528,Student_6528,82,50
6529,Student_6529,66,61
6530,Student_6530,58,72
6531,Student_6531,85,60
6532,Student_6532,97,74
6533,Student_6533,77,72
6534,Student_6534,72,94
6535,Student_6535,63,70
6536,Student_6536,96,57
6537,Student_6537,94,94
6538,Student_6538,73,58
6539,Student_6539,56,57
6540,Student_6540,65,52
6541,Student_6541,63,97
6542,Student_6542,61,98
6543,Student_6543,88,57
6544,Student_6544,73,86
6545,Student_6545,55,51
6546,Student_6546,77,62
6547,Student_6547,64,90
6548,Student_6548,62,84
6549,Student_6549,82,70
6550,Student_6550,60,98
6551,Student_6551,58,95
6552,Student_6552,99,97
6553,Student_6553,65,57
6554,Student_6554,51,79
6555,Student_6555,56,59
6556,Student_6556,87,54
6557,Student_6557,84,85
6558,Student_6558,88,57
6559,Student_6559,69,66
6560,Student_6560,63,83
6561,Student_6561,61,85
6562,Student_6562,69,60
6563,Student_6563,58,97
6564,Student_6564,89,95
6565,Student_6565,91,61
6566,Student_6566,61,96
6567,Student_6567,77,97
6568,Student_6568,92,65
6569,Student_6569,92,79
6570,Student_6570,56,67
6571,Student_6571,94,72
6572,Student_6572,55,52
6573,Student_6573,76,89
6574,Student_6574,80,99
6575,Student_6575,88,69
6576,Student_6576,82,69
6577,Student_6577,73,94
6578,Student_6578,97,50
6579,Student_6579,87,70
6580,Student_6580,52,78
6581,Student_6581,71,52
6582,Student_6582,60,82
6583,Student_6583,61,68
6584,Student_6584,81,97
6585,Student_6585,89,60
6586,Student_6586,70,85
6587,Student_6587,85,62
6588,Student_6588,60,87
6589,Student_6589,81,64
6590,Student_6590,67,72
6591,Student_6591,59,73
6592,Student_6592,51,79
6593,Student_6593,68,78
6594,Student_6594,52,77
6595,Student_6595,51,58
6596,Student_6596,61,73
6597,Student_6597,54,64
6598,Student_6598,89,81
6599,Student_6599,65,97
6600,Student_6600,77,99
6601,Student_6601,67,56
6602,Student_6602,71,52
6603,Student_6603,81,79
6604,Student_6604,80,83
6605,Student_6605,73,55
6606,Student_6606,71,69
6607,Student_6607,73,59
6608,Student_6608,84,88
6609,Student_6609,67,70
6610,Student_6610,79,62
6611,Student_6611,59,91
6612,Student_6612,54,53
6613,Student_6613,77,77
6614,Student_6614,90,92
6615,Student_6615,86,92
6616,Student_6616,97,58
6617,Student_6617,99,65
6618,Student_6618,84,60
6619,Student_6619,61,51
6620,Student_6620,81,55
6621,Student_6621,95,51
6622,Student_6622,64,72
6623,Student_6623,67,86
6624,Student_6624,80,59
6625,Student_6625,80,96
6626,Student_6626,98,60
6627,Student_6627,95,82
6628,Student_6628,99,57
6629,Student_6629,74,83
6630,Student_6630,72,77
6631,Student_6631,55,71
6632,Student_6632,93,79
6633,Student_6633,82,87
6634,Student_6634,80,86
6635,Student_6635,53,67
6636,Student_6636,76,51
6637,Student_6637,96,99
6638,Student_6638,91,59
6639,Student_6639,62,79
6640,Student_6640,88,94
6641,Student_6641,88,81
6642,Student_6642,66,72
6643,Student_6643,91,97
6644,Student_6644,84,66
6645,Student_6645,73,88
6646,Student_6646,63,53
6647,Student_6647,75,60
6648,Student_6648,75,76
6649,Student_6649,83,82
6650,Student_6650,72,95
6651,Student_6651,52,70
6652,Student_6652,89,92
6653,Student_6653,67,88
6654,Student_6654,70,78
6655,Student_6655,70,75
6656,Student_6656,77,75
6657,Student_6657,82,56
6658,Student_6658,100,71
6659,Student_6659,89,80
6660,Student_6660,77,91
6661,Student_6661,88,81
6662,Student_6662,78,76
6663,Student_6663,90,50
6664,Student_6664,63,51
6665,Student_6665,100,77
6666,Student_6666,75,51
6667,Student_6667,85,97
6668,Student_6668,80,80
6669,Student_6669,70,65
6670,Student_6670,98,74
6671,Student_6671,88,69
6672,Student_6672,87,50
6673,Student_6673,51,89
6674,Student_6674,67,99
6675,Student_6675,74,92
6676,Student_6676,80,88
6677,Student_6677,97,65
6678,Student_6678,100,67
6679,Student_6679,92,98
6680,Student_6680,54,62
6681,Student_6681,53,72
6682,Student_6682,91,68
6683,Student_6683,76,84
6684,Student_6684,61,61
6685,Student_6685,72,85
6686,Student_6686,96,96
6687,Student_6687,61,77
6688,Student_6688,60,86
6689,Student_6689,95,97
6690,Student_6690,51,71
6691,Student_6691,72,85
6692,Student_6692,63,86
6693,Student_6693,61,88
6694,Student_6694,60,83
6695,Student_6695,85,60
6696,Student_6696,89,65
6697,Student_6697,93,66
6698,Student_6698,65,81
6699,Student_6699,66,52
6700,Student_6700,72,90
6701,Student_6701,60,79
6702,Student_6702,75,54
6703,Student_6703,60,77
6704,Student_6704,67,97
6705,Student_6705,55,80
6706,Student_6706,54,98
6707,Student_6707,90,87
6708,Student_6708,57,96
6709,Student_6709,93,50
6710,Student_6710,96,82
6711,Student_6711,61,83
6712,Student_6712,86,60
6713,Student_6713,100,57
6714,Student_6714,81,91
6715,Student_6715,99,57
6716,Student_6716,72,85
6717,Student_6717,84,58
6718,Student_6718,51,53
6719,Student_6719,68,61
6720,Student_6720,78,80
6721,Student_6721,100,98
6722,Student_6722,98,76
6723,Student_6723,62,67
6724,Student_6724,52,51
6725,Student_6725,89,59
6726,Student_6726,71,86
6727,Student_6727,79,53
6728,Student_6728,55,91
6729,Student_6729,82,68
6730,Student_6730,76,91
6731,Student_6731,50,79
6732,Student_6732,79,69
6733,Student_6733,69,51
6734,Student_6734,96,84
6735,Student_6735,85,89
6736,Student_6736,83,80
6737,Student_6737,68,63
6738,Student_6738,88,87
6739,Student_6739,52,50
6740,Student_6740,78,76
6741,Student_6741,92,79
6742,Student_6742,88,88
6743,Student_6743,97,61
6744,Student_6744,91,97
6745,Student_6745,96,96
6746,Student_6746,98,83
6747,Student_6747,57,55
6748,Student_6748,100,81
6749,Student_6749,66,89
6750,Student_6750,89,50
6751,Student_6751,68,68
6752,Student_6752,50,52
6753,Student_6753,70,88
6754,Student_6754,88,79
6755,Student_6755,75,98
6756,Student_6756,72,93
6757,Student_6757,58,75
6758,Student_6758,51,80
6759,Student_6759,59,67
6760,Student_6760,71,65
6761,Student_6761,91,98
6762,Student_6762,87,72
6763,Student_6763,72,60
6764,Student_6764,80,85
6765,Student_6765,53,98
6766,Student_6766,50,99
6767,Student_6767,66,80
6768,Student_6768,73,93
6769,Student_6769,50,89
6770,Student_6770,80,95
6771,Student_6771,73,52
6772,Student_6772,60,81
6773,Student_6773,51,68
6774,Student_6774,53,62
6775,Student_6775,75,52
6776,Student_6776,64,74
6777,Student_6777,54,82
6778,Student_6778,82,85
6779,Student_6779,93,69
6780,Student_6780,71,77
6781,Student_6781,92,69
6782,Student_6782,100,55
6783,Student_6783,92,94
6784,Student_6784,74,84
6785,Student_6785,56,81
6786,Student_6786,71,51
6787,Student_6787,65,76
6788,Student_6788,62,53
6789,Student_6789,89,89
6790,Student_6790,69,64
6791,Student_6791,73,79
6792,Student_6792,97,66
6793,Student_6793,99,90
6794,Student_6794,78,68
6795,Student_6795,52,75
6796,Student_6796,57,66
6797,Student_6797,79,87
6798,Student_6798,50,52
6799,Student_6799,87,84
6800,Student_6800,69,63
6801,Student_6801,70,91
6802,Student_6802,54,77
6803,Student_6803,94,59
6804,Student_6804,75,79
6805,Student_6805,74,72
6806,Student_6806,79,78
6807,Student_6807,50,97
6808,Student_6808,67,99
6809,Student_6809,97,58
6810,Student_6810,100,53
6811,Student_6811,85,84
6812,Student_6812,58,57
6813,Student_6813,71,56
6814,Student_6814,64,88
6815,Student_6815,80,96
6816,Student_6816,90,56
6817,Student_6817,97,50
6818,Student_6818,53,67
6819,Student_6819,89,53
6820,Student_6820,87,55
6821,Student_6821,69,76
6822,Student_6822,77,51
6823,Student_6823,88,54
6824,Student_6824,80,90
6825,Student_6825,98,87
6826,Student_6826,50,57
6827,Student_6827,99,84
6828,Student_6828,100,83
6829,Student_6829,82,61
6830,Student_6830,74,58
6831,Student_6831,81,73
6832,Student_6832,89,57
6833,Student_6833,74,51
6834,Student_6834,90,98
6835,Student_6835,93,90
6836,Student_6836,72,52
6837,Student_6837,88,97
6838,Student_6838,81,65
6839,Student_6839,100,72
6840,Student_6840,90,50
6841,Student_6841,50,61
6842,Student_6842,62,60
6843,Student_6843,53,60
6844,Student_6844,71,96
6845,Student_6845,68,86
6846,Student_6846,78,74
6847,Student_6847,74,81
6848,Student_6848,61,98
6849,Student_6849,95,80
6850,Student_6850,92,76
6851,Student_6851,59,51
6852,Student_6852,85,53
6853,Student_6853,74,66
6854,Student_6854,56,93
6855,Student_6855,95,64
6856,Student_6856,83,73
6857,Student_6857,62,63
6858,Student_6858,81,87
6859,Student_6859,86,59
6860,Student_6860,59,94
6861,Student_6861,88,91
6862,Student_6862,70,74
6863,Student_6863,72,57
6864,Student_6864,68,93
6865,Student_6865,89,51
6866,Student_6866,79,64
6867,Student_6867,91,71
6868,Student_6868,91,79
6869,Student_6869,97,58
6870,Student_6870,96,78
6871,Student_6871,96,74
6872,Student_6872,75,67
6873,Student_6873,77,67
6874,Student_6874,57,85
6875,Student_6875,60,93
6876,Student_6876,54,76
6877,Student_6877,100,56
6878,Student_6878,57,87
6879,Student_6879,63,66
6880,Student_6880,61,50
6881,Student_6881,79,51
6882,Student_6882,98,71
6883,Student_6883,84,56
6884,Student_6884,98,79
6885,Student_6885,61,50
6886,Student_6886,71,86
6887,Student_6887,71,80
6888,Student_6888,99,69
6889,Student_6889,61,84
6890,Student_6890,89,64
6891,Student_6891,58,88
6892,Student_6892,96,54
6893,Student_6893,67,97
6894,Student_6894,57,55
6895,Student_6895,61,77
6896,Student_6896,55,78
6897,Student_6897,93,68
6898,Student_6898,85,76
6899,Student_6899,71,59
6900,Student_6900,91,67
6901,Student_6901,77,87
6902,Student_6902,99,65
6903,Student_6903,62,69
6904,Student_6904,88,61
6905,Student_6905,76,64
6906,Student_6906,98,86
6907,Student_6907,98,97
6908,Student_6908,93,85
6909,Student_6909,86,70
6910,Student_6910,94,72
6911,Student_6911,66,82
6912,Student_6912,70,72
6913,Student_6913,54,100
6914,Student_6914,89,88
6915,Student_6915,59,99
6916,Student_6916,100,50
6917,Student_6917,84,56
6918,Student_6918,68,69
6919,Student_6919,90,78
6920,Student_6920,61,82
6921,Student_6921,70,68
6922,Student_6922,50,51
6923,Student_6923,90,78
6924,Student_6924,74,73
6925,Student_6925,54,69
6926,Student_6926,86,79
6927,Student_6927,68,52
6928,Student_6928,85,85
6929,Student_6929,62,74
6930,Student_6930,74,96
6931,Student_6931,54,55
6932,Student_6932,76,95
6933,Student_6933,68,73
6934,Student_6934,83,78
6935,Student_6935,82,78
6936,Student_6936,74,81
6937,Student_6937,94,85
6938,Student_6938,80,63
6939,Student_6939,91,66
6940,Student_6940,97,85
6941,Student_6941,80,82
6942,Student_6942,94,89
6943,Student_6943,93,95
6944,Student_6944,98,66
6945,Student_6945,91,78
6946,Student_6946,82,74
6947,Student_6947,52,92
6948,Student_6948,80,74
6949,Student_6949,82,79
6950,Student_6950,71,53
6951,Student_6951,64,87
6952,Student_6952,54,66
6953,Student_6953,92,95
6954,Student_6954,100,74
6955,Student_6955,85,75
6956,Student_6956,75,85
6957,Student_6957,95,71
6958,Student_6958,78,96
6959,Student_6959,81,71
6960,Student_6960,92,56
6961,Student_6961,86,83
6962,Student_6962,85,93
6963,Student_6963,78,89
6964,Student_6964,72,58
6965,Student_6965,75,75
6966,Student_6966,54,91
6967,Student_6967,75,75
6968,Student_6968,64,74
6969,Student_6969,96,67
6970,Student_6970,56,65
6971,Student_6971,79,100
6972,Student_6972,54,79
6973,Student_6973,57,88
6974,Student_6974,52,62
6975,Student_6975,89,65
6976,Student_6976,82,51
6977,Student_6977,66,99
6978,Student_6978,87,57
6979,Student_6979,93,54
6980,Student_6980,93,50
6981,Student_6981,75,64
6982,Student_6982,84,75
6983,Student_6983,52,53
6984,Student_6984,98,77
6985,Student_6985,63,86
6986,Student_6986,98,100
6987,Student_6987,97,59
6988,Student_6988,65,100
6989,Student_6989,79,55
6990,Student_6990,53,81
6991,Student_6991,100,65
6992,Student_6992,96,60
6993,Student_6993,62,55
6994,Student_6994,72,85
6995,Student_6995,96,79
6996,Student_6996,82,55
6997,Student_6997,79,69
6998,Student_6998,60,82
6999,Student_6999,54,75
7000,Student_7000,96,92
7001,Student_7001,84,50
7002,Student_7002,53,62
7003,Student_7003,98,66
7004,Student_7004,55,89
7005,Student_7005,77,92
7006,Student_7006,70,57
7007,Student_7007,81,90
7008,Student_7008,51,64
7009,Student_7009,80,72
7010,Student_7010,63,85
7011,Student_7011,74,76
7012,Student_7012,91,58
7013,Student_7013,51,68
7014,Student_7014,82,58
7015,Student_7015,59,70
7016,Student_7016,63,94
7017,Student_7017,64,57
7018,Student_7018,55,62
7019,Student_7019,55,62
7020,Student_7020,72,81
7021,Student_7021,95,100
7022,Student_7022,72,76
7023,Student_7023,99,62
7024,Student_7024,60,64
7025,Student_7025,95,95
7026,Student_7026,86,75
7027,Student_7027,70,79
7028,Student_7028,59,62
7029,Student_7029,93,58
7030,Student_7030,73,95
7031,Student_7031,96,86
7032,Student_7032,93,64
7033,Student_7033,54,87
7034,Student_7034,50,68
7035,Student_7035,75,95
7036,Student_7036,93,88
7037,Student_7037,50,51
7038,Student_7038,65,65
7039,Student_7039,58,93
7040,Student_7040,54,51
7041,Student_7041,98,50
7042,Student_7042,89,81
7043,Student_7043,69,58
7044,Student_7044,88,55
7045,Student_7045,99,95
7046,Student_7046,53,97
7047,Student_7047,60,98
7048,Student_7048,75,64
7049,Student_7049,77,86
7050,Student_7050,80,62
7051,Student_7051,76,93
7052,Student_7052,95,87
7053,Student_7053,86,73
7054,Student_7054,92,59
7055,Student_7055,55,93
7056,Student_7056,85,92
7057,Student_7057,55,71
7058,Student_7058,92,92
7059,Student_7059,63,66
7060,Student_7060,75,97
7061,Student_7061,72,52
7062,Student_7062,74,75
7063,Student_7063,74,78
7064,Student_7064,87,84
7065,Student_7065,52,99
7066,Student_7066,70,97
7067,Student_7067,67,67
7068,Student_7068,63,54
7069,Student_7069,67,69
7070,Student_7070,78,55
7071,Student_7071,98,71
7072,Student_7072,90,94
7073,Student_7073,52,94
7074,Student_7074,59,73
7075,Student_7075,55,72
7076,Student_7076,60,70
7077,Student_7077,69,65
7078,Student_7078,82,65
7079,Student_7079,59,66
7080,Student_7080,56,79
7081,Student_7081,80,54
7082,Student_7082,53,69
7083,Student_7083,56,74
7084,Student_7084,62,87
7085,Student_7085,70,87
7086,Student_7086,98,54
7087,Student_7087,90,62
7088,Student_7088,53,90
7089,Student_7089,91,72
7090,Student_7090,90,60
7091,Student_7091,77,83
7092,Student_7092,64,79
7093,Student_7093,83,72
7094,Student_7094,60,56
7095,Student_7095,79,51
7096,Student_7096,80,70
7097,Student_7097,91,64
7098,Student_7098,94,88
7099,Student_7099,92,63
7100,Student_7100,76,76
7101,Student_7101,77,52
7102,Student_7102,78,98
7103,Student_7103,91,74
7104,Student_7104,92,54
7105,Student_7105,83,90
7106,Student_7106,57,58
7107,Student_7107,68,85
7108,Student_7108,56,65
7109,Student_7109,56,76
7110,Student_7110,73,70
7111,Student_7111,68,93
7112,Student_7112,50,79
7113,Student_7113,54,65
7114,Student_7114,58,93
7115,Student_7115,80,75
7116,Student_7116,77,91
7117,Student_7117,60,93
7118,Student_7118,93,52
7119,Student_7119,68,99
7120,Student_7120,64,79
7121,Student_7121,94,84
7122,Student_7122,64,70
7123,Student_7123,65,55
7124,Student_7124,69,78
7125,Student_7125,58,96
7126,Student_7126,59,58
7127,Student_7127,78,98
7128,Student_7128,68,60
7129,Student_7129,60,57
7130,Student_7130,66,55
7131,Student_7131,54,67
7132,Student_7132,77,68
7133,Student_7133,79,69
7134,Student_7134,92,62
7135,Student_7135,80,95
7136,Student_7136,85,76
7137,Student_7137,74,84
7138,Student_7138,56,85
7139,Student_7139,56,60
7140,Student_7140,98,65
7141,Student_7141,57,66
7142,Student_7142,67,99
7143,Student_7143,77,52
7144,Student_7144,97,79
7145,Student_7145,58,92
7146,Student_7146,64,72
7147,Student_7147,92,54
7148,Student_7148,85,67
7149,Student_7149,86,84
7150,Student_7150,89,88
7151,Student_7151,62,60
7152,Student_7152,89,83
7153,Student_7153,86,60
7154,Student_7154,90,72
7155,Student_7155,63,93
7156,Student_7156,50,54
7157,Student_7157,81,88
7158,Student_7158,76,77
7159,Student_7159,64,95
7160,Student_7160,86,79
7161,Student_7161,85,64
7162,Student_7162,61,75
7163,Student_7163,67,73
7164,Student_7164,62,81
7165,Student_7165,73,54
7166,Student_7166,80,64
7167,Student_7167,82,62
7168,Student_7168,61,66
7169,Student_7169,87,87
7170,Student_7170,59,100
7171,Student_7171,69,59
7172,Student_7172,72,85
7173,Student_7173,64,94
7174,Student_7174,53,79
7175,Student_7175,88,50
7176,Student_7176,77,50
7177,Student_7177,68,78
7178,Student_7178,89,87
7179,Student_7179,78,56
7180,Student_7180,70,63
7181,Student_7181,95,63
7182,Student_7182,53,90
7183,Student_7183,99,64
7184,Student_7184,79,78
7185,Student_7185,72,67
7186,Student_7186,65,57
7187,Student_7187,66,88
7188,Student_7188,58,76
7189,Student_7189,65,73
7190,Student_7190,79,51
7191,Student_7191,77,59
7192,Student_7192,85,83
7193,Student_7193,63,50
7194,Student_7194,86,90
7195,Student_7195,79,64
7196,Student_7196,58,61
7197,Student_7197,51,51
7198,Student_7198,74,84
7199,Student_7199,77,58
7200,Student_7200,95,83
7201,Student_7201,89,96
7202,Student_7202,63,98
7203,Student_7203,89,86
7204,Student_7204,78,58
7205,Student_7205,92,65
7206,Student_7206,91,61
7207,Student_7207,85,54
7208,Student_7208,50,66
7209,Student_7209,83,56
7210,Student_7210,74,87
7211,Student_7211,60,86
7212,Student_7212,62,95
7213,Student_7213,58,88
7214,Student_7214,71,69
7215,Student_7215,85,51
7216,Student_7216,82,77
7217,Student_7217,80,93
7218,Student_7218,75,52
7219,Student_7219,55,98
7220,Student_7220,96,100
7221,Student_7221,53,90
7222,Student_7222,88,84
7223,Student_7223,52,93
7224,Student_7224,86,66
7225,Student_7225,83,77
7226,Student_7226,92,100
7227,Student_7227,82,76
7228,Student_7228,65,65
7229,Student_7229,59,57
7230,Student_7230,91,64
7231,Student_7231,92,92
7232,Student_7232,54,91
7233,Student_7233,90,78
7234,Student_7234,60,69
7235,Student_7235,94,66
7236,Student_7236,67,92
7237,Student_7237,76,98
7238,Student_7238,57,93
7239,Student_7239,56,75
7240,Student_7240,70,55
7241,Student_7241,76,94
7242,Student_7242,74,54
7243,Student_7243,96,67
7244,Student_7244,69,61
7245,Student_7245,50,68
7246,Student_7246,90,84
7247,Student_7247,64,77
7248,Student_7248,71,79
7249,Student_7249,76,88
7250,Student_7250,78,76
7251,Student_7251,96,50
7252,Student_7252,96,80
7253,Student_7253,65,93
7254,Student_7254,95,59
7255,Student_7255,51,64
7256,Student_7256,73,79
7257,Student_7257,65,51
7258,Student_7258,53,75
7259,Student_7259,79,78
7260,Student_7260,50,63
7261,Student_7261,94,84
7262,Student_7262,71,65
7263,Student_7263,83,63
7264,Student_7264,95,83
7265,Student_7265,65,92
7266,Student_7266,70,55
7267,Student_7267,51,88
7268,Student_7268,96,69
7269,Student_7269,87,65
7270,Student_7270,58,69
7271,Student_7271,64,73
7272,Student_7272,56,70
7273,Student_7273,96,95
7274,Student_7274,58,74
7275,Student_7275,99,56
7276,Student_7276,97,78
7277,Student_7277,81,84
7278,Student_7278,72,63
7279,Student_7279,100,96
7280,Student_7280,60,69
7281,Student_7281,99,55
7282,Student_7282,73,84
7283,Student_7283,53,57
7284,Student_7284,93,50
7285,Student_7285,58,68
7286,Student_7286,55,98
7287,Student_7287,94,50
7288,Student_7288,65,69
7289,Student_7289,53,60
7290,Student_7290,91,67
7291,Student_7291,82,78
7292,Student_7292,94,89
7293,Student_7293,53,82
7294,Student_7294,64,79
7295,Student_7295,87,66
7296,Student_7296,80,82
7297,Student_7297,74,98
7298,Student_7298,60,87
7299,Student_7299,55,89
7300,Student_7300,99,88
7301,Student_7301,72,65
7302,Student_7302,73,96
7303,Student_7303,100,52
7304,Student_7304,53,86
7305,Student_7305,61,85
7306,Student_7306,83,79
7307,Student_7307,95,63
7308,Student_7308,76,59
7309,Student_7309,85,50
7310,Student_7310,76,58
7311,Student_7311,90,74
7312,Student_7312,74,87
7313,Student_7313,99,60
7314,Student_7314,61,57
7315,Student_7315,91,70
7316,Student_7316,96,61
7317,Student_7317,95,100
7318,Student_7318,55,81
7319,Student_7319,64,74
7320,Student_7320,79,76
7321,Student_7321,60,69
7322,Student_7322,93,94
7323,Student_7323,67,58
7324,Student_7324,94,100
7325,Student_7325,98,76
7326,Student_7326,60,88
7327,Student_7327,53,88
7328,Student_7328,93,71
7329,Student_7329,53,85
7330,Student_7330,95,50
7331,Student_7331,97,63
7332,Student_7332,95,50
7333,Student_7333,93,88
7334,Student_7334,50,56
7335,Student_7335,83,52
7336,Student_7336,60,89
7337,Student_7337,57,90
7338,Student_7338,59,97
7339,Student_7339,60,51
7340,Student_7340,51,88
7341,Student_7341,81,57
7342,Student_7342,69,53
7343,Student_7343,87,92
7344,Student_7344,72,83
7345,Student_7345,96,57
7346,Student_7346,80,93
7347,Student_7347,80,92
7348,Student_7348,100,76
7349,Student_7349,70,59
7350,Student_7350,98,73
7351,Student_7351,50,73
7352,Student_7352,86,91
7353,Student_7353,83,98
7354,Student_7354,62,51
7355,Student_7355,74,87
7356,Student_7356,96,71
7357,Student_7357,77,62
7358,Student_7358,74,86
7359,Student_7359,99,80
7360,Student_7360,75,55
7361,Student_7361,90,70
7362,Student_7362,51,67
7363,Student_7363,69,64
7364,Student_7364,96,63
7365,Student_7365,58,87
7366,Student_7366,90,62
7367,Student_7367,98,63
7368,Student_7368,76,61
7369,Student_7369,92,74
7370,Student_7370,86,74
7371,Student_7371,95,59
7372,Student_7372,80,57
7373,Student_7373,99,81
7374,Student_7374,64,78
7375,Student_7375,54,82
7376,Student_7376,88,64
7377,Student_7377,55,86
7378,Student_7378,79,63
7379,Student_7379,52,64
7380,Student_7380,82,95
7381,Student_7381,64,88
7382,Student_7382,61,93
7383,Student_7383,71,51
7384,Student_7384,66,65
7385,Student_7385,65,53
7386,Student_7386,77,72
7387,Student_7387,79,71
7388,Student_7388,64,79
7389,Student_7389,60,100
7390,Student_7390,70,83
7391,Student_7391,67,61
7392,Student_7392,71,70
7393,Student_7393,99,83
7394,Student_7394,68,93
7395,Student_7395,60,83
7396,Student_7396,94,63
7397,Student_7397,51,71
7398,Student_7398,86,88
7399,Student_7399,84,76
7400,Student_7400,76,98
7401,Student_7401,80,78
7402,Student_7402,79,60
7403,Student_7403,95,59
7404,Student_7404,98,58
7405,Student_7405,96,60
7406,Student_7406,50,93
7407,Student_7407,74,52
7408,Student_7408,97,86
7409,Student_7409,95,73
7410,Student_7410,76,100
7411,Student_7411,81,90
7412,Student_7412,57,55
7413,Student_7413,51,76
7414,Student_7414,86,85
7415,Student_7415,78,89
7416,Student_7416,86,76
7417,Student_7417,86,55
7418,Student_7418,51,68
7419,Student_7419,89,66
7420,Student_7420,52,55
7421,Student_7421,83,55
7422,Student_7422,80,64
7423,Student_7423,86,56
7424,Student_7424,79,70
7425,Student_7425,68,74
7426,Student_7426,89,73
7427,Student_7427,76,81
7428,Student_7428,91,95
7429,Student_7429,95,57
7430,Student_7430,54,66
7431,Student_7431,98,89
7432,Student_7432,95,63
7433,Student_7433,67,59
7434,Student_7434,89,64
7435,Student_7435,69,98
7436,Student_7436,50,51
7437,Student_7437,83,65
7438,Student_7438,62,93
7439,Student_7439,78,77
7440,Student_7440,88,91
7441,Student_7441,69,52
7442,Student_7442,91,78
7443,Student_7443,54,99
7444,Student_7444,84,57
7445,Student_7445,60,78
7446,Student_7446,59,76
7447,Student_7447,84,72
7448,Student_7448,80,77
7449,Student_7449,58,52
7450,Student_7450,87,60
7451,Student_7451,99,51
7452,Student_7452,76,54
7453,Student_7453,65,50
7454,Student_7454,90,100
7455,Student_7455,91,92
7456,Student_7456,74,93
7457,Student_7457,53,98
7458,Student_7458,69,61
7459,Student_7459,67,100
7460,Student_7460,57,88
7461,Student_7461,56,55
7462,Student_7462,69,94
7463,Student_7463,65,66
7464,Student_7464,59,100
7465,Student_7465,100,54
7466,Student_7466,51,94
7467,Student_7467,91,86
7468,Student_7468,87,55
7469,Student_7469,76,90
7470,Student_7470,85,54
7471,Student_7471,56,51
7472,Student_7472,96,72
7473,Student_7473,57,67
7474,Student_7474,64,50
7475,Student_7475,83,76
7476,Student_7476,82,50
7477,Student_7477,55,72
7478,Student_7478,91,98
7479,Student_7479,79,69
7480,Student_7480,57,90
7481,Student_7481,54,95
7482,Student_7482,68,63
7483,Student_7483,81,82
7484,Student_7484,68,56
7485,Student_7485,91,67
7486,Student_7486,71,94
7487,Student_7487,87,57
7488,Student_7488,84,54
7489,Student_7489,52,91
7490,Student_7490,76,100
7491,Student_7491,100,98
7492,Student_7492,53,87
7493,Student_7493,50,97
7494,Student_7494,50,98
7495,Student_7495,67,85
7496,Student_7496,58,70
7497,Student_7497,98,87
7498,Student_7498,60,50
7499,Student_7499,64,67
7500,Student_7500,78,66
7501,Student_7501,64,52
7502,Student_7502,77,78
7503,Student_7503,86,64
7504,Student_7504,91,88
7505,Student_7505,76,77
7506,Student_7506,96,65
7507,Student_7507,50,92
7508,Student_7508,62,71
7509,Student_7509,56,60
7510,Student_7510,73,57
7511,Student_7511,100,59
7512,Student_7512,86,73
7513,Student_7513,84,64
7514,Student_7514,97,55
7515,Student_7515,81,72
7516,Student_7516,58,57
7517,Student_7517,95,53
7518,Student_7518,55,77
7519,Student_7519,83,89
7520,Student_7520,99,56
7521,Student_7521,66,64
7522,Student_7522,89,61
7523,Student_7523,55,58
7524,Student_7524,53,64
7525,Student_7525,85,67
7526,Student_7526,64,80
7527,Student_7527,73,91
7528,Student_7528,52,53
7529,Student_7529,79,97
7530,Student_7530,60,64
7531,Student_7531,96,81
7532,Student_7532,55,83
7533,Student_7533,54,78
7534,Student_7534,67,58
7535,Student_7535,80,57
7536,Student_7536,80,88
7537,Student_7537,65,66
7538,Student_7538,87,57
7539,Student_7539,98,63
7540,Student_7540,81,88
7541,Student_7541,80,69
7542,Student_7542,96,72
7543,Student_7543,92,54
7544,Student_7544,80,77
7545,Student_7545,58,98
7546,Student_7546,51,89
7547,Student_7547,80,59
7548,Student_7548,59,73
7549,Student_7549,50,97
7550,Student_7550,91,54
7551,Student_7551,52,71
7552,Student_7552,86,75
7553,Student_7553,55,76
7554,Student_7554,65,94
7555,Student_7555,59,66
7556,Student_7556,50,68
7557,Student_7557,97,50
7558,Student_7558,64,51
7559,Student_7559,70,56
7560,Student_7560,83,90
7561,Student_7561,83,99
7562,Student_7562,65,58
7563,Student_7563,77,69
7564,Student_7564,65,96
7565,Student_7565,98,100
7566,Student_7566,54,73
7567,Student_7567,99,67
7568,Student_7568,55,96
7569,Student_7569,93,93
7570,Student_7570,80,93
7571,Student_7571,77,54
7572,Student_7572,93,63
7573,Student_7573,80,62
7574,Student_7574,88,58
7575,Student_7575,65,94
7576,Student_7576,72,50
7577,Student_7577,54,76
7578,Student_7578,91,68
7579,Student_7579,57,75
7580,Student_7580,70,90
7581,Student_7581,84,55
7582,Student_7582,64,78
7583,Student_7583,65,99
7584,Student_7584,99,59
7585,Student_7585,87,92
7586,Student_7586,98,76
7587,Student_7587,52,57
7588,Student_7588,87,71
7589,Student_7589,93,57
7590,Student_7590,97,83
7591,Student_7591,68,61
7592,Student_7592,64,100
7593,Student_7593,54,100
7594,Student_7594,80,94
7595,Student_7595,80,70
7596,Student_7596,99,55
7597,Student_7597,76,90
7598,Student_7598,99,81
7599,Student_7599,86,76
7600,Student_7600,73,54
7601,Student_7601,56,80
7602,Student_7602,66,84
7603,Student_7603,85,94
7604,Student_7604,90,98
7605,Student_7605,81,82
7606,Student_7606,82,51
7607,Student_7607,61,59
7608,Student_7608,70,77
7609,Student_7609,73,66
7610,Student_7610,71,99
7611,Student_7611,65,76
7612,Student_7612,71,72
7613,Student_7613,83,70
7614,Student_7614,68,99
7615,Student_7615,78,74
7616,Student_7616,95,89
7617,Student_7617,55,73
7618,Student_7618,83,82
7619,Student_7619,78,69
7620,Student_7620,53,90
7621,Student_7621,52,78
7622,Student_7622,68,78
7623,Student_7623,100,51
7624,Student_7624,73,60
7625,Student_7625,73,95
7626,Student_7626,59,81
7627,Student_7627,67,92
7628,Student_7628,73,87
7629,Student_7629,51,68
7630,Student_7630,50,90
7631,Student_7631,50,57
7632,Student_7632,98,62
7633,Student_7633,53,80
7634,Student_7634,71,65
7635,Student_7635,65,61
7636,Student_7636,88,61
7637,Student_7637,50,50
7638,Student_7638,86,55
7639,Student_7639,60,95
7640,Student_7640,58,97
7641,Student_7641,100,59
7642,Student_7642,84,73
7643,Student_7643,78,85
7644,Student_7644,89,56
7645,Student_7645,75,68
7646,Student_7646,77,80
7647,Student_7647,83,85
7648,Student_7648,66,70
7649,Student_7649,88,96
7650,Student_7650,98,55
7651,Student_7651,94,79
7652,Student_7652,63,66
7653,Student_7653,92,64
7654,Student_7654,82,87
7655,Student_7655,86,98
7656,Student_7656,57,83
7657,Student_7657,100,67
7658,Student_7658,79,97
7659,Student_7659,73,83
7660,Student_7660,54,86
7661,Student_7661,77,62
7662,Student_7662,91,57
7663,Student_7663,100,68
7664,Student_7664,76,95
7665,Student_7665,94,86
7666,Student_7666,53,99
7667,Student_7667,72,93
7668,Student_7668,53,88
7669,Student_7669,53,61
7670,Student_7670,74,92
7671,Student_7671,82,94
7672,Student_7672,54,88
7673,Student_7673,97,63
7674,Student_7674,99,80
7675,Student_7675,54,54
7676,Student_7676,51,69
7677,Student_7677,73,61
7678,Student_7678,79,69
7679,Student_7679,86,55
7680,Student_7680,80,60
7681,Student_7681,53,61
7682,Student_7682,58,76
7683,Student_7683,74,77
7684,Student_7684,68,79
7685,Student_7685,94,73
7686,Student_7686,55,92
7687,Student_7687,89,53
7688,Student_7688,77,54
7689,Student_7689,90,51
7690,Student_7690,58,61
7691,Student_7691,67,97
7692,Student_7692,65,50
7693,Student_7693,87,97
7694,Student_7694,98,52
7695,Student_7695,96,67
7696,Student_7696,52,61
7697,Student_7697,80,74
7698,Student_7698,74,73
7699,Student_7699,68,54
7700,Student_7700,74,95
7701,Student_7701,100,69
7702,Student_7702,59,51
7703,Student_7703,69,87
7704,Student_7704,53,50
7705,Student_7705,88,53
7706,Student_7706,78,94
7707,Student_7707,55,70
7708,Student_7708,60,69
7709,Student_7709,59,95
7710,Student_7710,95,83
7711,Student_7711,67,51
7712,Student_7712,89,85
7713,Student_7713,62,66
7714,Student_7714,93,54
7715,Student_7715,66,80
7716,Student_7716,95,65
7717,Student_7717,67,63
7718,Student_7718,69,68
7719,Student_7719,86,52
7720,Student_7720,73,61
7721,Student_7721,75,60
7722,Student_7722,69,100
7723,Student_7723,75,72
7724,Student_7724,64,55
7725,Student_7725,75,92
7726,Student_7726,70,94
7727,Student_7727,94,93
7728,Student_7728,90,99
7729,Student_7729,63,67
7730,Student_7730,76,89
7731,Student_7731,70,68
7732,Student_7732,99,50
7733,Student_7733,61,79
7734,Student_7734,83,67
7735,Student_7735,88,91
7736,Student_7736,96,84
7737,Student_7737,98,83
7738,Student_7738,96,73
7739,Student_7739,81,100
7740,Student_7740,77,94
7741,Student_7741,61,56
7742,Student_7742,78,61
7743,Student_7743,53,55
7744,Student_7744,55,60
7745,Student_7745,75,88
7746,Student_7746,57,90
7747,Student_7747,99,55
7748,Student_7748,80,59
7749,Student_7749,80,62
7750,Student_7750,81,59
7751,Student_7751,57,54
7752,Student_7752,80,99
7753,Student_7753,82,65
7754,Student_7754,64,100
7755,Student_7755,68,59
7756,Student_7756,88,94
7757,Student_7757,94,82
7758,Student_7758,68,89
7759,Student_7759,78,87
7760,Student_7760,51,54
7761,Student_7761,67,70
7762,Student_7762,83,92
7763,Student_7763,67,61
7764,Student_7764,79,80
7765,Student_7765,67,70
7766,Student_7766,91,55
7767,Student_7767,96,99
7768,Student_7768,85,57
7769,Student_7769,66,78
7770,Student_7770,77,53
7771,Student_7771,52,59
7772,Student_7772,89,78
7773,Student_7773,53,97
7774,Student_7774,93,86
7775,Student_7775,73,62
7776,Student_7776,77,87
7777,Student_7777,75,100
7778,Student_7778,80,81
7779,Student_7779,70,86
7780,Student_7780,86,86
7781,Student_7781,85,69
7782,Student_7782,73,59
7783,Student_7783,81,94
7784,Student_7784,100,52
7785,Student_7785,89,100
7786,Student_7786,68,99
7787,Student_7787,69,74
7788,Student_7788,74,63
7789,Student_7789,60,69
7790,Student_7790,92,97
7791,Student_7791,58,71
7792,Student_7792,84,56
7793,Student_7793,93,56
7794,Student_7794,75,61
7795,Student_7795,97,78
7796,Student_7796,92,68
7797,Student_7797,55,64
7798,Student_7798,88,76
7799,Student_7799,93,63
7800,Student_7800,72,78
7801,Student_7801,87,64
7802,Student_7802,60,65
7803,Student_7803,65,93
7804,Student_7804,60,54
7805,Student_7805,87,83
7806,Student_7806,99,58
7807,Student_7807,57,59
7808,Student_7808,94,97
7809,Student_7809,58,93
7810,Student_7810,93,67
7811,Student_7811,68,71
7812,Student_7812,74,86
7813,Student_7813,58,99
7814,Student_7814,65,53
7815,Student_7815,87,79
7816,Student_7816,97,76
7817,Student_7817,95,52
7818,Student_7818,68,57
7819,Student_7819,94,65
7820,Student_7820,95,89
7821,Student_7821,92,63
7822,Student_7822,62,58
7823,Student_7823,74,62
7824,Student_7824,74,69
7825,Student_7825,66,62
7826,Student_7826,55,59
7827,Student_7827,84,94
7828,Student_7828,60,55
7829,Student_7829,94,89
7830,Student_7830,82,88
7831,Student_7831,94,84
7832,Student_7832,61,72
7833,Student_7833,96,95
7834,Student_7834,50,76
7835,Student_7835,96,50
7836,Student_7836,81,54
7837,Student_7837,79,52
7838,Student_7838,76,96
7839,Student_7839,63,70
7840,Student_7840,53,60
7841,Student_7841,77,60
7842,Student_7842,66,90
7843,Student_7843,69,98
7844,Student_7844,50,98
7845,Student_7845,72,79
7846,Student_7846,62,97
7847,Student_7847,61,85
7848,Student_7848,93,56
7849,Student_7849,53,85
7850,Student_7850,76,76
7851,Student_7851,80,73
7852,Student_7852,91,88
7853,Student_7853,71,99
7854,Student_7854,81,86
7855,Student_7855,79,80
7856,Student_7856,92,50
7857,Student_7857,82,89
7858,Student_7858,81,86
7859,Student_7859,52,77
7860,Student_7860,60,68
7861,Student_7861,80,95
7862,Student_7862,73,97
7863,Student_7863,72,51
7864,Student_7864,92,51
7865,Student_7865,85,54
7866,Student_7866,65,65
7867,Student_7867,62,91
7868,Student_7868,62,70
7869,Student_7869,55,53
7870,Student_7870,59,68
7871,Student_7871,55,57
7872,Student_7872,85,82
7873,Student_7873,56,73
7874,Student_7874,84,53
7875,Student_7875,100,67
7876,Student_7876,64,86
7877,Student_7877,52,90
7878,Student_7878,65,76
7879,Student_7879,71,55
7880,Student_7880,61,100
7881,Student_7881,82,95
7882,Student_7882,94,65
7883,Student_7883,54,77
7884,Student_7884,65,73
7885,Student_7885,53,56
7886,Student_7886,72,69
7887,Student_7887,89,73
7888,Student_7888,87,54
7889,Student_7889,71,91
7890,Student_7890,61,98
7891,Student_7891,55,88
7892,Student_7892,56,79
7893,Student_7893,53,83
7894,Student_7894,55,97
7895,Student_7895,85,55
7896,Student_7896,88,90
7897,Student_7897,85,93
7898,Student_7898,91,50
7899,Student_7899,86,100
7900,Student_7900,95,86
7901,Student_7901,90,68
7902,Student_7902,73,54
7903,Student_7903,53,90
7904,Student_7904,50,69
7905,Student_7905,79,68
7906,Student_7906,59,71
7907,Student_7907,76,86
7908,Student_7908,86,94
7909,Student_7909,91,70
7910,Student_7910,100,95
7911,Student_7911,89,71
7912,Student_7912,73,59
7913,Student_7913,58,76
7914,Student_7914,52,56
7915,Student_7915,82,86
7916,Student_7916,100,54
7917,Student_7917,65,69
7918,Student_7918,57,70
7919,Student_7919,75,50
7920,Student_7920,82,85
7921,Student_7921,66,84
7922,Student_7922,58,57
7923,Student_7923,56,89
7924,Student_7924,88,56
7925,Student_7925,54,94
7926,Student_7926,60,100
7927,Student_7927,72,78
7928,Student_7928,51,88
7929,Student_7929,73,51
7930,Student_7930,57,85
7931,Student_7931,83,77
7932,Student_7932,78,70
7933,Student_7933,58,85
7934,Student_7934,74,61
7935,Student_7935,69,78
7936,Student_7936,98,93
7937,Student_7937,56,69
7938,Student_7938,80,69
7939,Student_7939,98,99
7940,Student_7940,66,97
7941,Student_7941,51,90
7942,Student_7942,74,91
7943,Student_7943,86,51
7944,Student_7944,90,55
7945,Student_7945,59,68
7946,Student_7946,83,89
7947,Student_7947,97,88
7948,Student_7948,56,65
7949,Student_7949,54,70
7950,Student_7950,95,74
7951,Student_7951,99,60
7952,Student_7952,67,71
7953,Student_7953,72,92
7954,Student_7954,82,85
7955,Student_7955,56,61
7956,Student_7956,71,88
7957,Student_7957,82,54
7958,Student_7958,67,76
7959,Student_7959,87,97
7960,Student_7960,97,94
7961,Student_7961,59,57
7962,Student_7962,64,92
7963,Student_7963,55,98
7964,Student_7964,79,59
7965,Student_7965,89,79
7966,Student_7966,85,57
7967,Student_7967,65,69
7968,Student_7968,71,66
7969,Student_7969,70,80
7970,Student_7970,55,74
7971,Student_7971,62,77
7972,Student_7972,64,59
7973,Student_7973,62,50
7974,Student_7974,72,64
7975,Student_7975,55,57
7976,Student_7976,52,59
7977,Student_7977,100,72
7978,Student_7978,91,51
7979,Student_7979,93,93
7980,Student_7980,64,83
7981,Student_7981,57,50
7982,Student_7982,77,59
7983,Student_7983,91,70
7984,Student_7984,52,51
7985,Student_7985,51,60
7986,Student_7986,68,94
7987,Student_7987,100,55
7988,Student_7988,50,78
7989,Student_7989,87,65
7990,Student_7990,53,71
7991,Student_7991,94,50
7992,Student_7992,92,70
7993,Student_7993,67,71
7994,Student_7994,61,56
7995,Student_7995,72,70
7996,Student_7996,86,81
7997,Student_7997,75,65
7998,Student_7998,65,77
7999,Student_7999,72,97
8000,Student_8000,80,64
8001,Student_8001,53,89
8002,Student_8002,87,98
8003,Student_8003,91,99
8004,Student_8004,94,86
8005,Student_8005,87,52
8006,Student_8006,54,54
8007,Student_8007,96,100
8008,Student_8008,68,61
8009,Student_8009,54,77
8010,Student_8010,89,51
8011,Student_8011,100,74
8012,Student_8012,99,56
8013,Student_8013,50,72
8014,Student_8014,53,62
8015,Student_8015,90,74
8016,Student_8016,88,61
8017,Student_8017,52,96
8018,Student_8018,83,75
8019,Student_8019,93,63
8020,Student_8020,83,90
8021,Student_8021,68,69
8022,Student_8022,92,87
8023,Student_8023,59,69
8024,Student_8024,65,93
8025,Student_8025,63,61
8026,Student_8026,98,76
8027,Student_8027,76,71
8028,Student_8028,77,96
8029,Student_8029,56,59
8030,Student_8030,66,93
8031,Student_8031,52,50
8032,Student_8032,94,73
8033,Student_8033,70,92
8034,Student_8034,90,61
8035,Student_8035,81,83
8036,Student_8036,66,56
8037,Student_8037,76,89
8038,Student_8038,87,65
8039,Student_8039,73,70
8040,Student_8040,90,73
8041,Student_8041,52,55
8042,Student_8042,95,82
8043,Student_8043,81,54
8044,Student_8044,62,90
8045,Student_8045,85,94
8046,Student_8046,82,61
8047,Student_8047,87,100
8048,Student_8048,50,86
8049,Student_8049,71,87
8050,Student_8050,82,85
8051,Student_8051,70,53
8052,Student_8052,56,89
8053,Student_8053,92,94
8054,Student_8054,65,92
8055,Student_8055,54,58
8056,Student_8056,63,59
8057,Student_8057,77,52
8058,Student_8058,70,90
8059,Student_8059,93,97
8060,Student_8060,82,71
8061,Student_8061,75,98
8062,Student_8062,59,57
8063,Student_8063,68,73
8064,Student_8064,83,98
8065,Student_8065,96,59
8066,Student_8066,50,73
8067,Student_8067,67,75
8068,Student_8068,88,100
8069,Student_8069,51,50
8070,Student_8070,96,57
8071,Student_8071,87,50
8072,Student_8072,85,99
8073,Student_8073,91,56
8074,Student_8074,60,57
8075,Student_8075,98,82
8076,Student_8076,87,97
8077,Student_8077,83,54
8078,Student_8078,64,68
8079,Student_8079,69,55
8080,Student_8080,56,90
8081,Student_8081,75,83
8082,Student_8082,57,95
8083,Student_8083,84,66
8084,Student_8084,59,55
8085,Student_8085,67,89
8086,Student_8086,88,82
8087,Student_8087,82,93
8088,Student_8088,59,87
8089,Student_8089,66,67
8090,Student_8090,88,78
8091,Student_8091,87,61
8092,Student_8092,75,84
8093,Student_8093,96,78
8094,Student_8094,98,63
8095,Student_8095,79,68
8096,Student_8096,61,53
8097,Student_8097,72,90
8098,Student_8098,72,88
8099,Student_8099,95,61
8100,Student_8100,69,91
8101,Student_8101,77,96
8102,Student_8102,70,80
8103,Student_8103,90,71
8104,Student_8104,88,56
8105,Student_8105,70,66
8106,Student_8106,66,79
8107,Student_8107,71,79
8108,Student_8108,90,68
8109,Student_8109,69,88
8110,Student_8110,99,72
8111,Student_8111,84,87
8112,Student_8112,56,60
8113,Student_8113,65,56
8114,Student_8114,67,85
8115,Student_8115,69,65
8116,Student_8116,83,63
8117,Student_8117,72,96
8118,Student_8118,69,95
8119,Student_8119,75,78
8120,Student_8120,100,58
8121,Student_8121,67,51
8122,Student_8122,62,68
8123,Student_8123,93,70
8124,Student_8124,89,58
8125,Student_8125,87,99
8126,Student_8126,69,70
8127,Student_8127,50,58
8128,Student_8128,57,55
8129,Student_8129,60,77
8130,Student_8130,96,93
8131,Student_8131,50,56
8132,Student_8132,76,97
8133,Student_8133,89,75
8134,Student_8134,81,61
8135,Student_8135,52,70
8136,Student_8136,87,68
8137,Student_8137,97,96
8138,Student_8138,56,60
8139,Student_8139,67,81
8140,Student_8140,86,71
8141,Student_8141,62,84
8142,Student_8142,54,94
8143,Student_8143,89,74
8144,Student_8144,89,80
8145,Student_8145,86,100
8146,Student_8146,79,56
8147,Student_8147,60,58
8148,Student_8148,98,94
8149,Student_8149,85,73
8150,Student_8150,68,71
8151,Student_8151,92,99
8152,Student_8152,68,58
8153,Student_8153,71,97
8154,Student_8154,93,79
8155,Student_8155,94,62
8156,Student_8156,63,79
8157,Student_8157,54,84
8158,Student_8158,64,50
8159,Student_8159,79,77
8160,Student_8160,72,92
8161,Student_8161,71,51
8162,Student_8162,78,80
8163,Student_8163,73,86
8164,Student_8164,59,67
8165,Student_8165,99,82
8166,Student_8166,85,92
8167,Student_8167,78,75
8168,Student_8168,58,72
8169,Student_8169,52,72
8170,Student_8170,87,66
8171,Student_8171,84,92
8172,Student_8172,62,52
8173,Student_8173,89,95
8174,Student_8174,68,63
8175,Student_8175,87,99
8176,Student_8176,100,55
8177,Student_8177,81,61
8178,Student_8178,89,85
8179,Student_8179,85,57
8180,Student_8180,51,90
8181,Student_8181,76,53
8182,Student_8182,96,83
8183,Student_8183,67,86
8184,Student_8184,95,56
8185,Student_8185,59,100
8186,Student_8186,82,59
8187,Student_8187,56,52
8188,Student_8188,58,58
8189,Student_8189,70,52
8190,Student_8190,77,72
8191,Student_8191,70,96
8192,Student_8192,99,50
8193,Student_8193,87,95
8194,Student_8194,57,80
8195,Student_8195,66,62
8196,Student_8196,77,65
8197,Student_8197,95,57
8198,Student_8198,83,88
8199,Student_8199,84,98
8200,Student_8200,65,75
8201,Student_8201,85,53
8202,Student_8202,94,53
8203,Student_8203,87,94
8204,Student_8204,62,80
8205,Student_8205,87,80
8206,Student_8206,59,69
8207,Student_8207,55,54
8208,Student_8208,54,78
8209,Student_8209,85,70
8210,Student_8210,67,71
8211,Student_8211,51,93
8212,Student_8212,74,78
8213,Student_8213,74,50
8214,Student_8214,87,96
8215,Student_8215,62,50
8216,Student_8216,88,70
8217,Student_8217,68,94
8218,Student_8218,86,85
8219,Student_8219,74,75
8220,Student_8220,78,68
8221,Student_8221,100,61
8222,Student_8222,73,89
8223,Student_8223,87,59
8224,Student_8224,69,85
8225,Student_8225,85,73
8226,Student_8226,63,94
8227,Student_8227,50,62
8228,Student_8228,66,98
8229,Student_8229,82,68
8230,Student_8230,65,72
8231,Student_8231,83,71
8232,Student_8232,97,85
8233,Student_8233,50,72
8234,Student_8234,84,89
8235,Student_8235,52,97
8236,Student_8236,57,89
8237,Student_8237,80,74
8238,Student_8238,87,66
8239,Student_8239,82,98
8240,Student_8240,80,95
8241,Student_8241,78,84
8242,Student_8242,100,53
8243,Student_8243,66,80
8244,Student_8244,98,60
8245,Student_8245,58,84
8246,Student_8246,62,94
8247,Student_8247,81,50
8248,Student_8248,92,69
8249,Student_8249,66,73
8250,Student_8250,74,74
8251,Student_8251,83,65
8252,Student_8252,66,76
8253,Student_8253,51,63
8254,Student_8254,53,67
8255,Student_8255,56,76
8256,Student_8256,80,74
8257,Student_8257,81,91
8258,Student_8258,87,83
8259,Student_8259,61,55
8260,Student_8260,56,93
8261,Student_8261,62,100
8262,Student_8262,68,56
8263,Student_8263,53,63
8264,Student_8264,87,64
8265,Student_8265,74,94
8266,Student_8266,81,72
8267,Student_8267,61,79
8268,Student_8268,91,59
8269,Student_8269,66,72
8270,Student_8270,71,92
8271,Student_8271,73,69
8272,Student_8272,87,65
8273,Student_8273,74,57
8274,Student_8274,69,53
8275,Student_8275,95,54
8276,Student_8276,57,53
8277,Student_8277,51,73
8278,Student_8278,59,72
8279,Student_8279,92,85
8280,Student_8280,97,96
8281,Student_8281,64,50
8282,Student_8282,99,60
8283,Student_8283,72,80
8284,Student_8284,69,54
8285,Student_8285,75,93
8286,Student_8286,55,72
8287,Student_8287,89,52
8288,Student_8288,99,73
8289,Student_8289,60,93
8290,Student_8290,90,58
8291,Student_8291,84,70
8292,Student_8292,81,68
8293,Student_8293,78,77
8294,Student_8294,90,65
8295,Student_8295,75,92
8296,Student_8296,81,71
8297,Student_8297,50,96
8298,Student_8298,72,79
8299,Student_8299,100,92
8300,Student_8300,81,55
8301,Student_8301,70,100
8302,Student_8302,81,65
8303,Student_8303,82,52
8304,Student_8304,58,88
8305,Student_8305,76,87
8306,Student_8306,84,54
8307,Student_8307,56,91
8308,Student_8308,57,55
8309,Student_8309,98,75
8310,Student_8310,84,61
8311,Student_8311,82,85
8312,Student_8312,55,92
8313,Student_8313,70,68
8314,Student_8314,78,85
8315,Student_8315,71,65
8316,Student_8316,84,62
8317,Student_8317,80,65
8318,Student_8318,52,98
8319,Student_8319,89,82
8320,Student_8320,66,84
8321,Student_8321,84,87
8322,Student_8322,53,87
8323,Student_8323,78,51
8324,Student_8324,62,72
8325,Student_8325,76,61
8326,Student_8326,80,55
8327,Student_8327,91,72
8328,Student_8328,78,89
8329,Student_8329,62,69
8330,Student_8330,92,64
8331,Student_8331,100,88
8332,Student_8332,93,78
8333,Student_8333,97,62
8334,Student_8334,56,63
8335,Student_8335,74,76
8336,Student_8336,96,71
8337,Student_8337,80,72
8338,Student_8338,66,51
8339,Student_8339,91,83
8340,Student_8340,68,92
8341,Student_8341,94,59
8342,Student_8342,99,87
8343,Student_8343,71,51
8344,Student_8344,90,94
8345,Student_8345,50,64
8346,Student_8346,98,58
8347,Student_8347,98,87
8348,Student_8348,65,93
8349,Student_8349,91,75
8350,Student_8350,98,56
8351,Student_8351,63,69
8352,Student_8352,78,100
8353,Student_8353,90,62
8354,Student_8354,66,64
8355,Student_8355,97,69
8356,Student_8356,79,84
8357,Student_8357,81,52
8358,Student_8358,97,53
8359,Student_8359,86,85
8360,Student_8360,77,92
8361,Student_8361,53,100
8362,Student_8362,96,72
8363,Student_8363,63,95
8364,Student_8364,77,51
8365,Student_8365,66,68
8366,Student_8366,97,52
8367,Student_8367,58,99
8368,Student_8368,67,96
8369,Student_8369,55,100
8370,Student_8370,83,64
8371,Student_8371,50,96
8372,Student_8372,99,56
8373,Student_8373,66,58
8374,Student_8374,53,100
8375,Student_8375,93,64
8376,Student_8376,76,74
8377,Student_8377,62,69
8378,Student_8378,96,59
8379,Student_8379,75,71
8380,Student_8380,69,67
8381,Student_8381,86,87
8382,Student_8382,83,96
8383,Student_8383,53,98
8384,Student_8384,90,91
8385,Student_8385,96,59
8386,Student_8386,76,96
8387,Student_8387,79,77
8388,Student_8388,71,97
8389,Student_8389,94,91
8390,Student_8390,57,54
8391,Student_8391,86,57
8392,Student_8392,52,69
8393,Student_8393,78,77
8394,Student_8394,99,66
8395,Student_8395,80,79
8396,Student_8396,76,65
8397,Student_8397,79,60
8398,Student_8398,72,57
8399,Student_8399,98,63
8400,Student_8400,98,75
8401,Student_8401,75,98
8402,Student_8402,65,74
8403,Student_8403,95,91
8404,Student_8404,59,85
8405,Student_8405,91,58
8406,Student_8406,50,50
8407,Student_8407,83,51
8408,Student_8408,70,77
8409,Student_8409,81,64
8410,Student_8410,95,100
8411,Student_8411,98,66
8412,Student_8412,50,50
8413,Student_8413,56,75
8414,Student_8414,60,86
8415,Student_8415,63,76
8416,Student_8416,88,81
8417,Student_8417,83,83
8418,Student_8418,56,83
8419,Student_8419,61,60
8420,Student_8420,60,62
8421,Student_8421,72,77
8422,Student_8422,61,76
8423,Student_8423,68,52
8424,Student_8424,81,92
8425,Student_8425,71,82
8426,Student_8426,84,100
8427,Student_8427,87,79
8428,Student_8428,91,88
8429,Student_8429,69,81
8430,Student_8430,65,91
8431,Student_8431,85,97
8432,Student_8432,100,66
8433,Student_8433,83,88
8434,Student_8434,84,68
8435,Student_8435,75,94
8436,Student_8436,93,81
8437,Student_8437,82,72
8438,Student_8438,51,61
8439,Student_8439,58,76
8440,Student_8440,55,81
8441,Student_8441,66,53
8442,Student_8442,92,81
8443,Student_8443,60,83
8444,Student_8444,74,76
8445,Student_8445,96,50
8446,Student_8446,90,98
8447,Student_8447,80,50
8448,Student_8448,89,86
8449,Student_8449,85,66
8450,Student_8450,54,57
8451,Student_8451,65,89
8452,Student_8452,53,88
8453,Student_8453,99,94
8454,Student_8454,91,96
8455,Student_8455,72,77
8456,Student_8456,97,63
8457,Student_8457,90,79
8458,Student_8458,99,76
8459,Student_8459,51,60
8460,Student_8460,65,95
8461,Student_8461,61,83
8462,Student_8462,90,66
8463,Student_8463,64,67
8464,Student_8464,56,91
8465,Student_8465,55,84
8466,Student_8466,57,73
8467,Student_8467,81,84
8468,Student_8468,71,59
8469,Student_8469,60,67
8470,Student_8470,50,51
8471,Student_8471,89,56
8472,Student_8472,79,55
8473,Student_8473,62,89
8474,Student_8474,72,94
8475,Student_8475,73,56
8476,Student_8476,67,84
8477,Student_8477,100,59
8478,Student_8478,75,89
8479,Student_8479,67,82
8480,Student_8480,93,66
8481,Student_8481,95,85
8482,Student_8482,71,52
8483,Student_8483,78,81
8484,Student_8484,57,92
8485,Student_8485,85,84
8486,Student_8486,93,83
8487,Student_8487,74,89
8488,Student_8488,71,88
8489,Student_8489,83,67
8490,Student_8490,85,74
8491,Student_8491,68,86
8492,Student_8492,64,92
8493,Student_8493,65,82
8494,Student_8494,99,62
8495,Student_8495,89,54
8496,Student_8496,60,51
8497,Student_8497,91,64
8498,Student_8498,92,62
8499,Student_8499,59,63
8500,Student_8500,60,76
8501,Student_8501,93,90
8502,Student_8502,79,68
8503,Student_8503,84,65
8504,Student_8504,78,92
8505,Student_8505,85,91
8506,Student_8506,88,67
8507,Student_8507,87,52
8508,Student_8508,84,98
8509,Student_8509,95,83
8510,Student_8510,100,66
8511,Student_8511,61,83
8512,Student_8512,59,96
8513,Student_8513,92,50
8514,Student_8514,86,51
8515,Student_8515,97,52
8516,Student_8516,88,95
8517,Student_8517,82,81
8518,Student_8518,99,92
8519,Student_8519,77,69
8520,Student_8520,67,59
8521,Student_8521,98,58
8522,Student_8522,65,86
8523,Student_8523,64,57
8524,Student_8524,94,73
8525,Student_8525,61,80
8526,Student_8526,74,70
8527,Student_8527,75,93
8528,Student_8528,59,75
8529,Student_8529,80,89
8530,Student_8530,56,69
8531,Student_8531,96,92
8532,Student_8532,67,50
8533,Student_8533,55,59
8534,Student_8534,88,69
8535,Student_8535,83,91
8536,Student_8536,65,68
8537,Student_8537,62,98
8538,Student_8538,78,60
8539,Student_8539,59,72
8540,Student_8540,82,51
8541,Student_8541,78,74
8542,Student_8542,87,65
8543,Student_8543,76,64
8544,Student_8544,76,80
8545,Student_8545,69,86
8546,Student_8546,50,95
8547,Student_8547,76,88
8548,Student_8548,62,86
8549,Student_8549,79,84
8550,Student_8550,83,59
8551,Student_8551,70,96
8552,Student_8552,89,82
8553,Student_8553,72,53
8554,Student_8554,71,79
8555,Student_8555,96,92
8556,Student_8556,61,60
8557,Student_8557,95,84
8558,Student_8558,86,83
8559,Student_8559,98,77
8560,Student_8560,66,67
8561,Student_8561,78,69
8562,Student_8562,98,77
8563,Student_8563,69,62
8564,Student_8564,82,50
8565,Student_8565,86,50
8566,Student_8566,53,59
8567,Student_8567,71,84
8568,Student_8568,85,81
8569,Student_8569,85,68
8570,Student_8570,76,92
8571,Student_8571,55,61
8572,Student_8572,97,86
8573,Student_8573,89,85
8574,Student_8574,53,85
8575,Student_8575,88,86
8576,Student_8576,77,91
8577,Student_8577,82,90
8578,Student_8578,85,51
8579,Student_8579,50,69
8580,Student_8580,68,99
8581,Student_8581,61,90
8582,Student_8582,55,82
8583,Student_8583,78,79
8584,Student_8584,64,86
8585,Student_8585,94,93
8586,Student_8586,88,57
8587,Student_8587,75,59
8588,Student_8588,85,98
8589,Student_8589,56,97
8590,Student_8590,64,55
8591,Student_8591,58,72
8592,Student_8592,82,92
8593,Student_8593,79,64
8594,Student_8594,74,65
8595,Student_8595,68,73
8596,Student_8596,64,78
8597,Student_8597,82,67
8598,Student_8598,83,72
8599,Student_8599,85,62
8600,Student_8600,93,55
8601,Student_8601,61,74
8602,Student_8602,78,93
8603,Student_8603,72,99
8604,Student_8604,60,83
8605,Student_8605,87,50
8606,Student_8606,76,62
8607,Student_8607,64,61
8608,Student_8608,80,95
8609,Student_8609,50,67
8610,Student_8610,85,78
8611,Student_8611,79,75
8612,Student_8612,94,69
8613,Student_8613,95,73
8614,Student_8614,81,55
8615,Student_8615,72,68
8616,Student_8616,93,68
8617,Student_8617,92,84
8618,Student_8618,75,77
8619,Student_8619,92,85
8620,Student_8620,55,72
8621,Student_8621,58,87
8622,Student_8622,97,90
8623,Student_8623,65,93
8624,Student_8624,64,90
8625,Student_8625,78,63
8626,Student_8626,61,78
8627,Student_8627,79,75
8628,Student_8628,76,58
8629,Student_8629,86,75
8630,Student_8630,79,89
8631,Student_8631,57,65
8632,Student_8632,62,68
8633,Student_8633,91,83
8634,Student_8634,95,85
8635,Student_8635,60,90
8636,Student_8636,68,84
8637,Student_8637,70,64
8638,Student_8638,76,56
8639,Student_8639,61,92
8640,Student_8640,96,55
8641,Student_8641,58,97
8642,Student_8642,95,86
8643,Student_8643,79,57
8644,Student_8644,58,60
8645,Student_8645,63,75
8646,Student_8646,85,73
8647,Student_8647,67,80
8648,Student_8648,70,70
8649,Student_8649,56,72
8650,Student_8650,85,77
8651,Student_8651,58,72
8652,Student_8652,95,53
8653,Student_8653,69,67
8654,Student_8654,94,64
8655,Student_8655,54,69
8656,Student_8656,63,70
8657,Student_8657,80,59
8658,Student_8658,63,74
8659,Student_8659,62,81
8660,Student_8660,67,59
8661,Student_8661,72,78
8662,Student_8662,85,84
8663,Student_8663,94,59
8664,Student_8664,62,98
8665,Student_8665,69,83
8666,Student_8666,100,76
8667,Student_8667,79,71
8668,Student_8668,73,67
8669,Student_8669,89,92
8670,Student_8670,90,66
8671,Student_8671,85,80
8672,Student_8672,58,78
8673,Student_8673,64,92
8674,Student_8674,70,61
8675,Student_8675,91,100
8676,Student_8676,52,80
8677,Student_8677,94,99
8678,Student_8678,68,61
8679,Student_8679,62,85
8680,Student_8680,60,52
8681,Student_8681,55,59
8682,Student_8682,73,75
8683,Student_8683,53,62
8684,Student_8684,87,66
8685,Student_8685,72,89
8686,Student_8686,64,64
8687,Student_8687,73,67
8688,Student_8688,99,79
8689,Student_8689,85,84
8690,Student_8690,87,57
8691,Student_8691,73,56
8692,Student_8692,74,78
8693,Student_8693,66,85
8694,Student_8694,62,98
8695,Student_8695,68,85
8696,Student_8696,65,99
8697,Student_8697,57,93
8698,Student_8698,54,62
8699,Student_8699,55,78
8700,Student_8700,71,83
8701,Student_8701,88,52
8702,Student_8702,57,56
8703,Student_8703,82,98
8704,Student_8704,50,56
8705,Student_8705,93,82
8706,Student_8706,60,76
8707,Student_8707,74,64
8708,Student_8708,68,53
8709,Student_8709,79,67
8710,Student_8710,58,85
8711,Student_8711,94,86
8712,Student_8712,57,62
8713,Student_8713,91,76
8714,Student_8714,61,73
8715,Student_8715,89,93
8716,Student_8716,78,89
8717,Student_8717,74,57
8718,Student_8718,65,91
8719,Student_8719,77,64
8720,Student_8720,63,63
8721,Student_8721,60,69
8722,Student_8722,95,82
8723,Student_8723,96,86
8724,Student_8724,51,82
8725,Student_8725,95,57
8726,Student_8726,72,55
8727,Student_8727,75,80
8728,Student_8728,64,75
8729,Student_8729,82,50
8730,Student_8730,62,50
8731,Student_8731,62,71
8732,Student_8732,86,79
8733,Student_8733,85,100
8734,Student_8734,64,78
8735,Student_8735,77,60
8736,Student_8736,79,93
8737,Student_8737,64,88
8738,Student_8738,54,58
8739,Student_8739,51,84
8740,Student_8740,93,69
8741,Student_8741,98,67
8742,Student_8742,82,52
8743,Student_8743,61,77
8744,Student_8744,90,84
8745,Student_8745,93,88
8746,Student_8746,52,77
8747,Student_8747,65,66
8748,Student_8748,95,58
8749,Student_8749,55,91
8750,Student_8750,74,90
8751,Student_8751,76,72
8752,Student_8752,61,82
8753,Student_8753,58,69
8754,Student_8754,68,89
8755,Student_8755,68,77
8756,Student_8756,71,98
8757,Student_8757,66,61
8758,Student_8758,74,62
8759,Student_8759,65,75
8760,Student_8760,100,59
8761,Student_8761,58,66
8762,Student_8762,91,68
8763,Student_8763,80,54
8764,Student_8764,86,81
8765,Student_8765,94,77
8766,Student_8766,62,55
8767,Student_8767,80,69
8768,Student_8768,88,69
8769,Student_8769,50,99
8770,Student_8770,56,74
8771,Student_8771,96,67
8772,Student_8772,82,57
8773,Student_8773,76,90
8774,Student_8774,80,53
8775,Student_8775,51,54
8776,Student_8776,99,52
8777,Student_8777,88,64
8778,Student_8778,77,64
8779,Student_8779,82,52
8780,Student_8780,89,82
8781,Student_8781,91,95
8782,Student_8782,50,99
8783,Student_8783,84,79
8784,Student_8784,51,67
8785,Student_8785,91,64
8786,Student_8786,63,72
8787,Student_8787,53,91
8788,Student_8788,59,82
8789,Student_8789,71,60
8790,Student_8790,91,69
8791,Student_8791,63,64
8792,Student_8792,98,84
8793,Student_8793,69,78
8794,Student_8794,51,84
8795,Student_8795,74,77
8796,Student_8796,79,52
8797,Student_8797,85,93
8798,Student_8798,90,91
8799,Student_8799,79,53
8800,Student_8800,98,69
8801,Student_8801,77,69
8802,Student_8802,99,52
8803,Student_8803,53,64
8804,Student_8804,63,88
8805,Student_8805,65,82
8806,Student_8806,61,85
8807,Student_8807,57,99
8808,Student_8808,53,52
8809,Student_8809,88,94
8810,Student_8810,67,87
8811,Student_8811,60,71
8812,Student_8812,70,80
8813,Student_8813,91,70
8814,Student_8814,84,69
8815,Student_8815,53,91
8816,Student_8816,65,76
8817,Student_8817,51,86
8818,Student_8818,85,77
8819,Student_8819,81,86
8820,Student_8820,72,77
8821,Student_8821,59,54
8822,Student_8822,51,59
8823,Student_8823,88,85
8824,Student_8824,61,63
8825,Student_8825,73,52
8826,Student_8826,66,76
8827,Student_8827,83,56
8828,Student_8828,84,91
8829,Student_8829,86,82
8830,Student_8830,86,75
8831,Student_8831,84,67
8832,Student_8832,88,98
8833,Student_8833,86,66
8834,Student_8834,73,51
8835,Student_8835,72,86
8836,Student_8836,79,55
8837,Student_8837,70,56
8838,Student_8838,52,88
8839,Student_8839,69,68
8840,Student_8840,91,66
8841,Student_8841,54,66
8842,Student_8842,76,51
8843,Student_8843,77,69
8844,Student_8844,75,62
8845,Student_8845,79,75
8846,Student_8846,61,84
8847,Student_8847,99,77
8848,Student_8848,54,74
8849,Student_8849,97,66
8850,Student_8850,69,75
8851,Student_8851,71,72
8852,Student_8852,58,76
8853,Student_8853,98,55
8854,Student_8854,97,70
8855,Student_8855,60,68
8856,Student_8856,56,60
8857,Student_8857,80,69
8858,Student_8858,62,60
8859,Student_8859,74,82
8860,Student_8860,90,66
8861,Student_8861,90,93
8862,Student_8862,70,52
8863,Student_8863,98,66
8864,Student_8864,82,65
8865,Student_8865,98,94
8866,Student_8866,99,53
8867,Student_8867,60,76
8868,Student_8868,55,51
8869,Student_8869,56,81
8870,Student_8870,53,85
8871,Student_8871,99,61
8872,Student_8872,71,88
8873,Student_8873,94,79
8874,Student_8874,82,75
8875,Student_8875,85,94
8876,Student_8876,68,80
8877,Student_8877,81,96
8878,Student_8878,74,74
8879,Student_8879,59,81
8880,Student_8880,99,80
8881,Student_8881,92,74
8882,Student_8882,76,75
8883,Student_8883,50,84
8884,Student_8884,63,75
8885,Student_8885,82,80
8886,Student_8886,72,94
8887,Student_8887,89,74
8888,Student_8888,87,99
8889,Student_8889,62,94
8890,Student_8890,83,83
8891,Student_8891,66,55
8892,Student_8892,81,78
8893,Student_8893,92,70
8894,Student_8894,75,55
8895,Student_8895,57,76
8896,Student_8896,65,60
8897,Student_8897,59,90
8898,Student_8898,72,76
8899,Student_8899,66,72
8900,Student_8900,64,72
8901,Student_8901,71,83
8902,Student_8902,50,53
8903,Student_8903,60,65
8904,Student_8904,58,96
8905,Student_8905,86,100
8906,Student_8906,58,86
8907,Student_8907,82,53
8908,Student_8908,92,64
8909,Student_8909,70,64
8910,Student_8910,86,83
8911,Student_8911,86,60
8912,Student_8912,50,100
8913,Student_8913,100,96
8914,Student_8914,94,100
8915,Student_8915,70,64
8916,Student_8916,68,89
8917,Student_8917,60,67
8918,Student_8918,53,88
8919,Student_8919,71,69
8920,Student_8920,64,67
8921,Student_8921,57,71
8922,Student_8922,50,78
8923,Student_8923,96,55
8924,Student_8924,70,59
8925,Student_8925,70,84
8926,Student_8926,60,98
8927,Student_8927,100,99
8928,Student_8928,65,53
8929,Student_8929,51,99
8930,Student_8930,71,92
8931,Student_8931,73,57
8932,Student_8932,51,72
8933,Student_8933,66,94
8934,Student_8934,72,60
8935,Student_8935,58,72
8936,Student_8936,62,80
8937,Student_8937,79,56
8938,Student_8938,97,59
8939,Student_8939,77,52
8940,Student_8940,54,87
8941,Student_8941,50,91
8942,Student_8942,69,64
8943,Student_8943,64,82
8944,Student_8944,63,81
8945,Student_8945,72,55
8946,Student_8946,71,53
8947,Student_8947,50,58
8948,Student_8948,77,83
8949,Student_8949,89,61
8950,Student_8950,53,83
8951,Student_8951,74,65
8952,Student_8952,84,83
8953,Student_8953,88,88
8954,Student_8954,91,52
8955,Student_8955,56,65
8956,Student_8956,61,86
8957,Student_8957,83,57
8958,Student_8958,60,85
8959,Student_8959,55,54
8960,Student_8960,76,50
8961,Student_8961,64,73
8962,Student_8962,66,82
8963,Student_8963,82,57
8964,Student_8964,88,66
8965,Student_8965,66,76
8966,Student_8966,78,75
8967,Student_8967,67,97
8968,Student_8968,59,51
8969,Student_8969,94,92
8970,Student_8970,75,93
8971,Student_8971,67,97
8972,Student_8972,75,94
8973,Student_8973,65,61
8974,Student_8974,87,50
8975,Student_8975,64,64
8976,Student_8976,62,51
8977,Student_8977,56,60
8978,Student_8978,94,82
8979,Student_8979,71,99
8980,Student_8980,90,77
8981,Student_8981,98,79
8982,Student_8982,72,68
8983,Student_8983,77,86
8984,Student_8984,83,72
8985,Student_8985,71,97
8986,Student_8986,96,61
8987,Student_8987,93,68
8988,Student_8988,90,96
8989,Student_8989,67,75
8990,Student_8990,83,82
8991,Student_8991,77,88
8992,Student_8992,72,69
8993,Student_8993,86,79
8994,Student_8994,51,66
8995,Student_8995,64,72
8996,Student_8996,65,82
8997,Student_8997,100,92
8998,Student_8998,95,83
8999,Student_8999,75,86
9000,Student_9000,55,77
9001,Student_9001,73,52
9002,Student_9002,99,51
9003,Student_9003,77,91
9004,Student_9004,98,69
9005,Student_9005,81,95
9006,Student_9006,51,63
9007,Student_9007,95,71
9008,Student_9008,57,61
9009,Student_9009,97,65
9010,Student_9010,83,57
9011,Student_9011,78,58
9012,Student_9012,91,98
9013,Student_9013,73,92
9014,Student_9014,91,80
9015,Student_9015,86,92
9016,Student_9016,78,73
9017,Student_9017,83,90
9018,Student_9018,96,72
9019,Student_9019,76,64
9020,Student_9020,92,88
9021,Student_9021,81,56
9022,Student_9022,92,60
9023,Student_9023,52,80
9024,Student_9024,77,83
9025,Student_9025,65,50
9026,Student_9026,96,80
9027,Student_9027,53,81
9028,Student_9028,95,64
9029,Student_9029,60,84
9030,Student_9030,54,78
9031,Student_9031,55,86
9032,Student_9032,100,58
9033,Student_9033,87,71
9034,Student_9034,57,57
9035,Student_9035,96,58
9036,Student_9036,63,85
9037,Student_9037,59,86
9038,Student_9038,84,96
9039,Student_9039,98,92
9040,Student_9040,75,53
9041,Student_9041,86,99
9042,Student_9042,100,58
9043,Student_9043,67,67
9044,Student_9044,67,87
9045,Student_9045,79,57
9046,Student_9046,94,77
9047,Student_9047,58,61
9048,Student_9048,59,82
9049,Student_9049,96,74
9050,Student_9050,67,94
9051,Student_9051,64,68
9052,Student_9052,81,60
9053,Student_9053,78,88
9054,Student_9054,91,99
9055,Student_9055,62,54
9056,Student_9056,89,58
9057,Student_9057,92,91
9058,Student_9058,50,53
9059,Student_9059,78,58
9060,Student_9060,58,83
9061,Student_9061,77,80
9062,Student_9062,56,91
9063,Student_9063,62,64
9064,Student_9064,69,100
9065,Student_9065,99,57
9066,Student_9066,87,72
9067,Student_9067,96,81
9068,Student_9068,50,80
9069,Student_9069,94,90
9070,Student_9070,89,79
9071,Student_9071,58,72
9072,Student_9072,73,74
9073,Student_9073,84,58
9074,Student_9074,57,73
9075,Student_9075,54,51
9076,Student_9076,80,100
9077,Student_9077,88,83
9078,Student_9078,99,76
9079,Student_9079,81,95
9080,Student_9080,76,59
9081,Student_9081,83,88
9082,Student_9082,64,82
9083,Student_9083,59,100
9084,Student_9084,88,77
9085,Student_9085,97,80
9086,Student_9086,67,92
9087,Student_9087,97,73
9088,Student_9088,99,67
9089,Student_9089,81,58
9090,Student_9090,63,100
9091,Student_9091,100,79
9092,Student_9092,82,77
9093,Student_9093,94,86
9094,Student_9094,50,58
9095,Student_9095,56,100
9096,Student_9096,53,83
9097,Student_9097,97,92
9098,Student_9098,78,94
9099,Student_9099,69,97
9100,Student_9100,93,73
9101,Student_9101,63,63
9102,Student_9102,81,64
9103,Student_9103,76,94
9104,Student_9104,51,86
9105,Student_9105,100,93
9106,Student_9106,81,63
9107,Student_9107,80,85
9108,Student_9108,95,79
9109,Student_9109,56,77
9110,Student_9110,75,50
9111,Student_9111,77,92
9112,Student_9112,85,55
9113,Student_9113,54,53
9114,Student_9114,66,95
9115,Student_9115,65,59
9116,Student_9116,86,53
9117,Student_9117,52,90
9118,Student_9118,88,92
9119,Student_9119,55,60
9120,Student_9120,54,60
9121,Student_9121,82,81
9122,Student_9122,80,70
9123,Student_9123,90,91
9124,Student_9124,92,70
9125,Student_9125,87,84
9126,Student_9126,53,88
9127,Student_9127,90,61
9128,Student_9128,54,59
9129,Student_9129,82,73
9130,Student_9130,98,75
9131,Student_9131,51,84
9132,Student_9132,74,78
9133,Student_9133,70,82
9134,Student_9134,73,74
9135,Student_9135,93,86
9136,Student_9136,62,72
9137,Student_9137,92,88
9138,Student_9138,73,68
9139,Student_9139,98,59
9140,Student_9140,92,97
9141,Student_9141,59,78
9142,Student_9142,88,62
9143,Student_9143,79,53
9144,Student_9144,89,71
9145,Student_9145,66,91
9146,Student_9146,77,98
9147,Student_9147,74,75
9148,Student_9148,91,64
9149,Student_9149,71,73
9150,Student_9150,58,58
9151,Student_9151,84,94
9152,Student_9152,98,89
9153,Student_9153,97,90
9154,Student_9154,77,94
9155,Student_9155,80,51
9156,Student_9156,93,62
9157,Student_9157,93,89
9158,Student_9158,62,80
9159,Student_9159,70,72
9160,Student_9160,68,59
9161,Student_9161,93,84
9162,Student_9162,86,75
9163,Student_9163,95,76
9164,Student_9164,84,87
9165,Student_9165,73,63
9166,Student_9166,95,73
9167,Student_9167,56,52
9168,Student_9168,60,50
9169,Student_9169,58,92
9170,Student_9170,51,60
9171,Student_9171,62,96
9172,Student_9172,73,70
9173,Student_9173,54,97
9174,Student_9174,66,68
9175,Student_9175,80,80
9176,Student_9176,84,57
9177,Student_9177,78,69
9178,Student_9178,50,61
9179,Student_9179,62,53
9180,Student_9180,81,91
9181,Student_9181,50,88
9182,Student_9182,85,83
9183,Student_9183,94,68
9184,Student_9184,83,87
9185,Student_9185,80,68
9186,Student_9186,66,84
9187,Student_9187,77,60
9188,Student_9188,57,50
9189,Student_9189,91,65
9190,Student_9190,56,99
9191,Student_9191,75,53
9192,Student_9192,100,76
9193,Student_9193,61,74
9194,Student_9194,97,99
9195,Student_9195,95,99
9196,Student_9196,89,62
9197,Student_9197,81,76
9198,Student_9198,90,61
9199,Student_9199,87,63
9200,Student_9200,89,59
9201,Student_9201,84,66
9202,Student_9202,71,59
9203,Student_9203,84,76
9204,Student_9204,85,91
9205,Student_9205,91,78
9206,Student_9206,60,83
9207,Student_9207,87,95
9208,Student_9208,62,84
9209,Student_9209,90,56
9210,Student_9210,62,58
9211,Student_9211,76,61
9212,Student_9212,57,68
9213,Student_9213,75,97
9214,Student_9214,56,59
9215,Student_9215,52,62
9216,Student_9216,90,99
9217,Student_9217,63,100
9218,Student_9218,51,66
9219,Student_9219,79,52
9220,Student_9220,97,59
9221,Student_9221,98,100
9222,Student_9222,54,98
9223,Student_9223,90,52
9224,Student_9224,80,97
9225,Student_9225,62,54
9226,Student_9226,61,62
9227,Student_9227,75,82
9228,Student_9228,95,77
9229,Student_9229,97,54
9230,Student_9230,62,76
9231,Student_9231,71,51
9232,Student_9232,52,65
9233,Student_9233,76,88
9234,Student_9234,69,53
9235,Student_9235,72,69
9236,Student_9236,94,66
9237,Student_9237,62,82
9238,Student_9238,98,80
9239,Student_9239,92,87
9240,Student_9240,64,70
9241,Student_9241,72,71
9242,Student_9242,87,80
9243,Student_9243,66,88
9244,Student_9244,99,63
9245,Student_9245,86,61
9246,Student_9246,92,59
9247,Student_9247,98,92
9248,Student_9248,90,62
9249,Student_9249,72,99
9250,Student_9250,54,67
9251,Student_9251,96,77
9252,Student_9252,65,52
9253,Student_9253,94,90
9254,Student_9254,95,57
9255,Student_9255,56,61
9256,Student_9256,62,58
9257,Student_9257,94,92
9258,Student_9258,56,66
9259,Student_9259,59,96
9260,Student_9260,98,98
9261,Student_9261,67,81
9262,Student_9262,76,69
9263,Student_9263,98,66
9264,Student_9264,62,53
9265,Student_9265,86,68
9266,Student_9266,75,57
9267,Student_9267,59,52
9268,Student_9268,86,79
9269,Student_9269,77,59
9270,Student_9270,88,93
9271,Student_9271,100,99
9272,Student_9272,92,66
9273,Student_9273,57,51
9274,Student_9274,82,81
9275,Student_9275,70,68
9276,Student_9276,81,81
9277,Student_9277,86,82
9278,Student_9278,59,52
9279,Student_9279,51,75
9280,Student_9280,76,71
9281,Student_9281,96,82
9282,Student_9282,58,95
9283,Student_9283,89,76
9284,Student_9284,69,98
9285,Student_9285,97,93
9286,Student_9286,85,91
9287,Student_9287,51,70
9288,Student_9288,81,62
9289,Student_9289,50,86
9290,Student_9290,97,65
9291,Student_9291,68,83
9292,Student_9292,87,88
9293,Student_9293,68,83
9294,Student_9294,80,88
9295,Student_9295,91,61
9296,Student_9296,64,56
9297,Student_9297,95,57
9298,Student_9298,59,52
9299,Student_9299,77,50
9300,Student_9300,74,52
9301,Student_9301,88,96
9302,Student_9302,81,97
9303,Student_9303,100,97
9304,Student_9304,53,53
9305,Student_9305,93,73
9306,Student_9306,80,51
9307,Student_9307,72,96
9308,Student_9308,88,57
9309,Student_9309,86,55
9310,Student_9310,72,88
9311,Student_9311,62,72
9312,Student_9312,59,67
9313,Student_9313,63,99
9314,Student_9314,71,86
9315,Student_9315,92,84
9316,Student_9316,59,84
9317,Student_9317,92,97
9318,Student_9318,68,66
9319,Student_9319,63,51
9320,Student_9320,75,95
9321,Student_9321,85,81
9322,Student_9322,98,75
9323,Student_9323,96,90
9324,Student_9324,98,98
9325,Student_9325,71,72
9326,Student_9326,98,65
9327,Student_9327,81,66
9328,Student_9328,66,85
9329,Student_9329,61,51
9330,Student_9330,68,100
9331,Student_9331,90,93
9332,Student_9332,50,53
9333,Student_9333,71,80
9334,Student_9334,66,61
9335,Student_9335,54,80
9336,Student_9336,73,73
9337,Student_9337,99,78
9338,Student_9338,71,92
9339,Student_9339,55,52
9340,Student_9340,90,98
9341,Student_9341,83,62
9342,Student_9342,81,98
9343,Student_9343,77,61
9344,Student_9344,77,84
9345,Student_9345,68,92
9346,Student_9346,84,77
9347,Student_9347,54,62
9348,Student_9348,56,86
9349,Student_9349,51,76
9350,Student_9350,77,56
9351,Student_9351,90,68
9352,Student_9352,55,91
9353,Student_9353,59,62
9354,Student_9354,78,69
9355,Student_9355,76,82
9356,Student_9356,99,83
9357,Student_9357,82,53
9358,Student_9358,57,93
9359,Student_9359,51,55
9360,Student_9360,86,81
9361,Student_9361,76,82
9362,Student_9362,59,98
9363,Student_9363,79,86
9364,Student_9364,77,95
9365,Student_9365,97,70
9366,Student_9366,72,51
9367,Student_9367,77,84
9368,Student_9368,54,59
9369,Student_9369,74,78
9370,Student_9370,67,80
9371,Student_9371,76,87
9372,Student_9372,76,64
9373,Student_9373,75,71
9374,Student_9374,84,67
9375,Student_9375,81,97
9376,Student_9376,98,82
9377,Student_9377,88,56
9378,Student_9378,81,59
9379,Student_9379,81,98
9380,Student_9380,84,73
9381,Student_9381,63,68
9382,Student_9382,59,77
9383,Student_9383,95,56
9384,Student_9384,57,66
9385,Student_9385,78,53
9386,Student_9386,96,75
9387,Student_9387,60,58
9388,Student_9388,76,61
9389,Student_9389,88,68
9390,Student_9390,63,83
9391,Student_9391,100,59
9392,Student_9392,61,73
9393,Student_9393,89,81
9394,Student_9394,98,58
9395,Student_9395,86,67
9396,Student_9396,80,65
9397,Student_9397,94,52
9398,Student_9398,57,57
9399,Student_9399,54,68
9400,Student_9400,86,72
9401,Student_9401,68,95
9402,Student_9402,67,59
9403,Student_9403,76,57
9404,Student_9404,94,73
9405,Student_9405,86,66
9406,Student_9406,56,50
9407,Student_9407,58,93
9408,Student_9408,88,95
9409,Student_9409,50,81
9410,Student_9410,88,98
9411,Student_9411,56,90
9412,Student_9412,70,73
9413,Student_9413,98,78
9414,Student_9414,63,54
9415,Student_9415,66,95
9416,Student_9416,88,56
9417,Student_9417,90,61
9418,Student_9418,67,88
9419,Student_9419,72,96
9420,Student_9420,75,99
9421,Student_9421,68,91
9422,Student_9422,77,66
9423,Student_9423,53,67
9424,Student_9424,99,62
9425,Student_9425,69,95
9426,Student_9426,72,86
9427,Student_9427,88,75
9428,Student_9428,61,66
9429,Student_9429,53,57
9430,Student_9430,91,52
9431,Student_9431,66,86
9432,Student_9432,90,81
9433,Student_9433,77,74
9434,Student_9434,93,78
9435,Student_9435,79,96
9436,Student_9436,92,87
9437,Student_9437,72,98
9438,Student_9438,53,91
9439,Student_9439,81,82
9440,Student_9440,91,59
9441,Student_9441,71,51
9442,Student_9442,83,55
9443,Student_9443,66,93
9444,Student_9444,75,65
9445,Student_9445,54,83
9446,Student_9446,66,96
9447,Student_9447,56,90
9448,Student_9448,67,53
9449,Student_9449,67,100
9450,Student_9450,63,92
9451,Student_9451,56,96
9452,Student_9452,76,71
9453,Student_9453,88,71
9454,Student_9454,91,72
9455,Student_9455,89,58
9456,Student_9456,75,98
9457,Student_9457,74,50
9458,Student_9458,89,73
9459,Student_9459,66,53
9460,Student_9460,99,95
9461,Student_9461,56,80
9462,Student_9462,72,69
9463,Student_9463,64,54
9464,Student_9464,57,60
9465,Student_9465,84,61
9466,Student_9466,97,96
9467,Student_9467,82,99
9468,Student_9468,96,80
9469,Student_9469,67,80
9470,Student_9470,52,98
9471,Student_9471,54,92
9472,Student_9472,72,63
9473,Student_9473,55,75
9474,Student_9474,99,79
9475,Student_9475,86,51
9476,Student_9476,51,60
9477,Student_9477,64,61
9478,Student_9478,73,65
9479,Student_9479,84,96
9480,Student_9480,69,97
9481,Student_9481,54,93
9482,Student_9482,93,86
9483,Student_9483,59,87
9484,Student_9484,64,89
9485,Student_9485,87,97
9486,Student_9486,56,73
9487,Student_9487,92,94
9488,Student_9488,79,97
9489,Student_9489,63,99
9490,Student_9490,100,66
9491,Student_9491,61,67
9492,Student_9492,95,55
9493,Student_9493,77,73
9494,Student_9494,75,88
9495,Student_9495,97,76
9496,Student_9496,50,67
9497,Student_9497,89,64
9498,Student_9498,88,97
9499,Student_9499,73,59
9500,Student_9500,84,82
9501,Student_9501,81,86
9502,Student_9502,57,67
9503,Student_9503,55,54
9504,Student_9504,70,87
9505,Student_9505,69,54
9506,Student_9506,72,92
9507,Student_9507,95,93
9508,Student_9508,82,99
9509,Student_9509,73,75
9510,Student_9510,59,93
9511,Student_9511,71,88
9512,Student_9512,66,78
9513,Student_9513,87,52
9514,Student_9514,62,94
9515,Student_9515,60,51
9516,Student_9516,69,58
9517,Student_9517,84,66
9518,Student_9518,85,66
9519,Student_9519,52,66
9520,Student_9520,91,58
9521,Student_9521,92,60
9522,Student_9522,76,67
9523,Student_9523,84,67
9524,Student_9524,74,77
9525,Student_9525,67,94
9526,Student_9526,99,64
9527,Student_9527,74,84
9528,Student_9528,85,92
9529,Student_9529,50,64
9530,Student_9530,64,99
9531,Student_9531,70,80
9532,Student_9532,59,78
9533,Student_9533,98,83
9534,Student_9534,89,100
9535,Student_9535,100,60
9536,Student_9536,97,60
9537,Student_9537,97,74
9538,Student_9538,72,93
9539,Student_9539,93,50
9540,Student_9540,67,84
9541,Student_9541,61,57
9542,Student_9542,77,96
9543,Student_9543,98,50
9544,Student_9544,75,100
9545,Student_9545,98,74
9546,Student_9546,59,52
9547,Student_9547,82,95
9548,Student_9548,65,96
9549,Student_9549,88,59
9550,Student_9550,87,51
9551,Student_9551,79,86
9552,Student_9552,59,75
9553,Student_9553,73,56
9554,Student_9554,100,88
9555,Student_9555,73,60
9556,Student_9556,56,84
9557,Student_9557,63,59
9558,Student_9558,76,68
9559,Student_9559,89,60
9560,Student_9560,70,76
9561,Student_9561,82,67
9562,Student_9562,95,71
9563,Student_9563,74,79
9564,Student_9564,90,53
9565,Student_9565,64,71
9566,Student_9566,67,67
9567,Student_9567,67,98
9568,Student_9568,72,86
9569,Student_9569,76,51
9570,Student_9570,79,99
9571,Student_9571,50,92
9572,Student_9572,58,85
9573,Student_9573,69,72
9574,Student_9574,91,93
9575,Student_9575,84,68
9576,Student_9576,81,53
9577,Student_9577,77,99
9578,Student_9578,69,50
9579,Student_9579,77,58
9580,Student_9580,86,72
9581,Student_9581,81,76
9582,Student_9582,96,50
9583,Student_9583,91,55
9584,Student_9584,95,71
9585,Student_9585,60,68
9586,Student_9586,88,64
9587,Student_9587,56,65
9588,Student_9588,72,64
9589,Student_9589,83,73
9590,Student_9590,83,72
9591,Student_9591,78,99
9592,Student_9592,72,65
9593,Student_9593,55,79
9594,Student_9594,65,65
9595,Student_9595,67,73
9596,Student_9596,62,69
9597,Student_9597,61,56
9598,Student_9598,55,87
9599,Student_9599,93,88
9600,Student_9600,99,77
9601,Student_9601,99,93
9602,Student_9602,66,100
9603,Student_9603,87,63
9604,Student_9604,50,82
9605,Student_9605,68,84
9606,Student_9606,95,55
9607,Student_9607,82,70
9608,Student_9608,58,50
9609,Student_9609,64,60
9610,Student_9610,79,87
9611,Student_9611,54,88
9612,Student_9612,59,57
9613,Student_9613,65,76
9614,Student_9614,69,52
9615,Student_9615,55,85
9616,Student_9616,55,52
9617,Student_9617,84,62
9618,Student_9618,69,67
9619,Student_9619,50,72
9620,Student_9620,78,98
9621,Student_9621,72,75
9622,Student_9622,57,86
9623,Student_9623,72,58
9624,Student_9624,61,70
9625,Student_9625,81,65
9626,Student_9626,62,57
9627,Student_9627,50,86
9628,Student_9628,67,91
9629,Student_9629,65,65
9630,Student_9630,50,81
9631,Student_9631,84,53
9632,Student_9632,70,60
9633,Student_9633,85,60
9634,Student_9634,62,96
9635,Student_9635,76,51
9636,Student_9636,62,96
9637,Student_9637,55,91
9638,Student_9638,58,81
9639,Student_9639,71,90
9640,Student_9640,100,79
9641,Student_9641,78,78
9642,Student_9642,98,100
9643,Student_9643,100,97
9644,Student_9644,93,74
9645,Student_9645,88,78
9646,Student_9646,56,68
9647,Student_9647,56,63
9648,Student_9648,77,53
9649,Student_9649,80,62
9650,Student_9650,75,84
9651,Student_9651,65,100
9652,Student_9652,53,59
9653,Student_9653,56,66
9654,Student_9654,68,69
9655,Student_9655,68,100
9656,Student_9656,52,100
9657,Student_9657,62,76
9658,Student_9658,66,93
9659,Student_9659,63,72
9660,Student_9660,75,50
9661,Student_9661,64,72
9662,Student_9662,52,62
9663,Student_9663,94,94
9664,Student_9664,79,100
9665,Student_9665,77,99
9666,Student_9666,77,50
9667,Student_9667,85,80
9668,Student_9668,76,79
9669,Student_9669,100,68
9670,Student_9670,80,93
9671,Student_9671,100,99
9672,Student_9672,58,74
9673,Student_9673,97,76
9674,Student_9674,93,61
9675,Student_9675,55,90
9676,Student_9676,54,86
9677,Student_9677,56,88
9678,Student_9678,67,53
9679,Student_9679,84,95
9680,Student_9680,71,88
9681,Student_9681,61,74
9682,Student_9682,71,100
9683,Student_9683,72,55
9684,Student_9684,59,70
9685,Student_9685,64,63
9686,Student_9686,71,73
9687,Student_9687,76,59
9688,Student_9688,55,92
9689,Student_9689,58,82
9690,Student_9690,59,79
9691,Student_9691,97,100
9692,Student_9692,70,100
9693,Student_9693,81,69
9694,Student_9694,76,54
9695,Student_9695,76,58
9696,Student_9696,74,91
9697,Student_9697,50,56
9698,Student_9698,65,52
9699,Student_9699,69,90
9700,Student_9700,96,52
9701,Student_9701,86,99
9702,Student_9702,52,100
9703,Student_9703,100,59
9704,Student_9704,60,93
9705,Student_9705,76,95
9706,Student_9706,71,80
9707,Student_9707,52,88
9708,Student_9708,99,85
9709,Student_9709,62,97
9710,Student_9710,63,52
9711,Student_9711,70,98
9712,Student_9712,51,90
9713,Student_9713,64,67
9714,Student_9714,54,81
9715,Student_9715,51,88
9716,Student_9716,58,68
9717,Student_9717,100,83
9718,Student_9718,96,75
9719,Student_9719,55,76
9720,Student_9720,87,97
9721,Student_9721,65,74
9722,Student_9722,61,74
9723,Student_9723,63,97
9724,Student_9724,80,58
9725,Student_9725,61,75
9726,Student_9726,81,90
9727,Student_9727,50,72
9728,Student_9728,82,65
9729,Student_9729,87,100
9730,Student_9730,91,68
9731,Student_9731,60,78
9732,Student_9732,62,98
9733,Student_9733,68,54
9734,Student_9734,55,65
9735,Student_9735,86,53
9736,Student_9736,65,53
9737,Student_9737,59,57
9738,Student_9738,71,59
9739,Student_9739,85,81
9740,Student_9740,57,95
9741,Student_9741,99,93
9742,Student_9742,78,98
9743,Student_9743,83,66
9744,Student_9744,87,63
9745,Student_9745,54,95
9746,Student_9746,63,98
9747,Student_9747,72,59
9748,Student_9748,62,82
9749,Student_9749,87,54
9750,Student_9750,77,79
9751,Student_9751,55,81
9752,Student_9752,52,65
9753,Student_9753,90,90
9754,Student_9754,76,75
9755,Student_9755,72,79
9756,Student_9756,69,61
9757,Student_9757,62,56
9758,Student_9758,96,83
9759,Student_9759,91,92
9760,Student_9760,60,80
9761,Student_9761,58,89
9762,Student_9762,86,88
9763,Student_9763,54,68
9764,Student_9764,68,73
9765,Student_9765,54,62
9766,Student_9766,97,85
9767,Student_9767,80,73
9768,Student_9768,50,78
9769,Student_9769,89,65
9770,Student_9770,98,64
9771,Student_9771,98,84
9772,Student_9772,78,70
9773,Student_9773,86,87
9774,Student_9774,87,86
9775,Student_9775,84,96
9776,Student_9776,54,59
9777,Student_9777,50,91
9778,Student_9778,66,69
9779,Student_9779,52,51
9780,Student_9780,87,64
9781,Student_9781,91,96
9782,Student_9782,88,52
9783,Student_9783,87,89
9784,Student_9784,57,52
9785,Student_9785,91,66
9786,Student_9786,54,87
9787,Student_9787,65,84
9788,Student_9788,90,94
9789,Student_9789,85,51
9790,Student_9790,57,89
9791,Student_9791,65,51
9792,Student_9792,86,68
9793,Student_9793,100,93
9794,Student_9794,89,54
9795,Student_9795,50,52
9796,Student_9796,74,57
9797,Student_9797,55,53
9798,Student_9798,92,71
9799,Student_9799,68,70
9800,Student_9800,60,52
9801,Student_9801,71,71
9802,Student_9802,55,95
9803,Student_9803,55,99
9804,Student_9804,96,55
9805,Student_9805,69,70
9806,Student_9806,79,96
9807,Student_9807,52,83
9808,Student_9808,64,69
9809,Student_9809,53,58
9810,Student_9810,69,61
9811,Student_9811,98,58
9812,Student_9812,85,50
9813,Student_9813,57,98
9814,Student_9814,63,67
9815,Student_9815,81,80
9816,Student_9816,88,85
9817,Student_9817,77,73
9818,Student_9818,88,95
9819,Student_9819,52,68
9820,Student_9820,96,54
9821,Student_9821,79,59
9822,Student_9822,65,100
9823,Student_9823,73,62
9824,Student_9824,70,80
9825,Student_9825,74,82
9826,Student_9826,55,58
9827,Student_9827,67,97
9828,Student_9828,83,65
9829,Student_9829,77,58
9830,Student_9830,67,84
9831,Student_9831,91,51
9832,Student_9832,79,82
9833,Student_9833,98,93
9834,Student_9834,62,65
9835,Student_9835,51,95
9836,Student_9836,52,78
9837,Student_9837,74,50
9838,Student_9838,82,80
9839,Student_9839,91,91
9840,Student_9840,80,91
9841,Student_9841,69,68
9842,Student_9842,92,72
9843,Student_9843,61,84
9844,Student_9844,68,86
9845,Student_9845,80,90
9846,Student_9846,73,60
9847,Student_9847,98,66
9848,Student_9848,85,66
9849,Student_9849,82,78
9850,Student_9850,53,80
9851,Student_9851,95,69
9852,Student_9852,75,73
9853,Student_9853,63,74
9854,Student_9854,53,50
9855,Student_9855,72,83
9856,Student_9856,91,69
9857,Student_9857,52,100
9858,Student_9858,70,93
9859,Student_9859,96,59
9860,Student_9860,93,54
9861,Student_9861,62,86
9862,Student_9862,87,83
9863,Student_9863,86,55
9864,Student_9864,91,58
9865,Student_9865,90,58
9866,Student_9866,61,71
9867,Student_9867,84,81
9868,Student_9868,70,75
9869,Student_9869,87,61
9870,Student_9870,94,100
9871,Student_9871,69,77
9872,Student_9872,95,99
9873,Student_9873,99,56
9874,Student_9874,81,56
9875,Student_9875,68,58
9876,Student_9876,67,75
9877,Student_9877,97,94
9878,Student_9878,56,56
9879,Student_9879,82,58
9880,Student_9880,96,65
9881,Student_9881,54,77
9882,Student_9882,79,55
9883,Student_9883,72,96
9884,Student_9884,65,86
9885,Student_9885,75,75
9886,Student_9886,74,74
9887,Student_9887,55,91
9888,Student_9888,65,60
9889,Student_9889,76,70
9890,Student_9890,69,84
9891,Student_9891,94,87
9892,Student_9892,50,58
9893,Student_9893,88,86
9894,Student_9894,57,70
9895,Student_9895,75,78
9896,Student_9896,99,96
9897,Student_9897,95,79
9898,Student_9898,95,78
9899,Student_9899,69,73
9900,Student_9900,53,81
9901,Student_9901,53,79
9902,Student_9902,72,85
9903,Student_9903,67,95
9904,Student_9904,90,90
9905,Student_9905,54,100
9906,Student_9906,85,62
9907,Student_9907,89,98
9908,Student_9908,95,52
9909,Student_9909,98,50
9910,Student_9910,57,69
9911,Student_9911,86,93
9912,Student_9912,74,61
9913,Student_9913,68,50
9914,Student_9914,64,72
9915,Student_9915,93,83
9916,Student_9916,58,84
9917,Student_9917,89,74
9918,Student_9918,61,98
9919,Student_9919,84,84
9920,Student_9920,74,65
9921,Student_9921,52,87
9922,Student_9922,71,50
9923,Student_9923,53,59
9924,Student_9924,74,82
9925,Student_9925,61,55
9926,Student_9926,71,71
9927,Student_9927,62,51
9928,Student_9928,53,100
9929,Student_9929,56,59
9930,Student_9930,83,50
9931,Student_9931,86,57
9932,Student_9932,67,93
9933,Student_9933,72,82
9934,Student_9934,75,100
9935,Student_9935,91,50
9936,Student_9936,90,95
9937,Student_9937,70,53
9938,Student_9938,77,74
9939,Student_9939,84,61
9940,Student_9940,63,71
9941,Student_9941,55,59
9942,Student_9942,94,71
9943,Student_9943,56,53
9944,Student_9944,55,91
9945,Student_9945,60,51
9946,Student_9946,65,98
9947,Student_9947,75,99
9948,Student_9948,68,58
9949,Student_9949,55,68
9950,Student_9950,66,61
9951,Student_9951,86,65
9952,Student_9952,100,91
9953,Student_9953,91,97
9954,Student_9954,82,88
9955,Student_9955,52,82
9956,Student_9956,97,61
9957,Student_9957,96,92
9958,Student_9958,83,95
9959,Student_9959,79,85
9960,Student_9960,74,81
9961,Student_9961,82,81
9962,Student_9962,57,80
9963,Student_9963,95,65
9964,Student_9964,59,94
9965,Student_9965,52,80
9966,Student_9966,83,98
9967,Student_9967,53,87
9968,Student_9968,92,56
9969,Student_9969,84,87
9970,Student_9970,66,56
9971,Student_9971,60,79
9972,Student_9972,67,95
9973,Student_9973,77,92
9974,Student_9974,59,57
9975,Student_9975,72,88
9976,Student_9976,59,93
9977,Student_9977,86,80
9978,Student_9978,73,51
9979,Student_9979,54,79
9980,Student_9980,53,69
9981,Student_9981,73,91
9982,Student_9982,62,69
9983,Student_9983,60,50
9984,Student_9984,100,53
9985,Student_9985,78,87
9986,Student_9986,75,84
9987,Student_9987,52,65
9988,Student_9988,68,90
9989,Student_9989,51,52
9990,Student_9990,62,99
9991,Student_9991,66,67
9992,Student_9992,73,87
9993,Student_9993,86,57
9994,Student_9994,96,76
9995,Student_9995,57,92
9996,Student_9996,81,66
9997,Student_9997,61,92
9998,Student_9998,88,85
9999,Student_9999,65,77
10000,Student_10000,71,96
